segment,avg_latitude,avg_longitude,avg_rmsa
1,50.06087383,28.12547723,0.8265319595209358
4,50.0607546,28.1254646,2.0636048595041188
8,50.06063309,28.12545552,2.650428262945191
11,50.06051376,28.12544118,0.17718929098665817
15,50.06038974,28.12543212,0.2877791028823557
18,50.06026421,28.12542184,0.2611069150012223
22,50.06013312,28.12541214,0.2817052128039665
67,50.0584045,28.12527892,0.1298771859157753
70,50.05826377,28.12526383,0.10558039982331342
74,50.05811834,28.12525365,0.2580793502734509
77,50.05796969,28.12524431,0.28594194118579924
81,50.05782132,28.12523379,0.2379779098822463
84,50.05766956,28.12522335,0.09772522457063657
88,50.05751662,28.12520803,0.08013544411994063
91,50.05736226,28.1251983,0.2255261919491805
95,50.05720553,28.12518745,0.2718722836176711
98,50.05704397,28.12517553,0.2439937707611279
102,50.05688607,28.12515772,0.17141627567333945
105,50.05672598,28.12514385,0.3247227044650829
109,50.05656395,28.12512989,0.28165567349687193
112,50.05639933,28.12511667,0.22483462974940288
116,50.05623338,28.1251013,0.20554776533638897
119,50.05606822,28.12508794,0.656145330970685
123,50.05589997,28.12507711,0.09784164893936315
126,50.05572957,28.12506684,0.054796939120517286
130,50.05555656,28.12504972,0.3416575610722171
133,50.05538442,28.12503795,0.1189942346635013
137,50.05520779,28.12502198,0.11364016229250117
140,50.05502548,28.12500944,0.153012442471704
144,50.05484451,28.12499907,0.13564138436006584
147,50.05466194,28.12499003,0.058670844728858425
151,50.05448878,28.12497016,0.12021756590344106
154,50.05431027,28.12495791,0.5492281964096452
157,50.05413905,28.12494211,0.33728728541809555
161,50.05397584,28.12492224,0.33062964873199724
164,50.05382189,28.1249052,0.2871805889297202
168,50.05367155,28.12488794,0.09440027877666089
171,50.05352904,28.12486798,0.23324805152244468
175,50.05339312,28.12484249,0.49715384556332587
178,50.0532735,28.12480487,0.3301770894794236
182,50.05316581,28.12473949,0.18338420718665224
185,50.05307006,28.12465332,0.40107740296064687
189,50.05298257,28.12456197,0.7397951477557737
192,50.05290827,28.12446365,0.4097600977243677
196,50.05284431,28.12435899,0.36796228299718137
199,50.05279285,28.12425514,0.37835857881276264
203,50.05275746,28.1241497,0.5088401152345049
206,50.05273786,28.12404784,0.37337622909339435
210,50.0527226,28.12395163,0.2038310957955736
213,50.05270977,28.1238602,0.07548458427302791
217,50.0527003,28.12376356,0.09440032265688517
220,50.05268869,28.12366565,0.07912667078863102
224,50.05267562,28.12356724,0.17430408897462749
227,50.05266603,28.12347548,0.3850120348310291
231,50.0526561,28.12339011,0.13069760831667626
234,50.05264642,28.12331202,0.17658968703964234
238,50.05263443,28.1232395,0.1580527971658025
241,50.05262855,28.12316552,0.033518955995362205
245,50.05261821,28.12309546,0.4887585584378181
248,50.05261189,28.12300872,0.7237992570877637
252,50.05260774,28.12290674,0.4077305915821478
255,50.05260054,28.12279199,0.5406485127775815
259,50.05259026,28.12266766,0.527282558582452
262,50.05258254,28.12253109,0.537958694468395
266,50.05257898,28.12238602,0.4848884571355846
269,50.05257564,28.12222908,0.3197037106351586
273,50.05257246,28.12206786,0.10628375869206116
276,50.0525671,28.12190455,0.10989226596494461
280,50.05256198,28.12174679,0.05233790661021207
283,50.0525596,28.1215881,0.08632672619490485
287,50.05255881,28.1214319,0.07200597269619607
290,50.05255907,28.12127528,0.17200320126559704
294,50.05256035,28.12111979,0.14787990575490736
297,50.05256657,28.12097494,0.5040249234763974
301,50.05257433,28.12084658,1.1767917480423986
304,50.05257927,28.12074426,1.1349182133956304
308,50.05257767,28.12067243,1.1270673260828026
311,50.052579,28.12062568,1.0421600848511783
315,50.05258088,28.12060495,0.1516158671785023
318,50.05258255,28.12058314,1.3965506237972605
322,50.05256208,28.12054457,0.39230945114605537
325,50.0525194,28.12051271,0.48546284210323587
329,50.0524582,28.12048219,0.5454368793460677
332,50.05238164,28.12045303,0.2978395169160872
336,50.05229714,28.12042347,0.6066057278673888
339,50.05220805,28.12039206,0.5619193471967241
343,50.05211665,28.12036126,0.36037189986848733
346,50.05202229,28.12033336,0.33893107618377677
350,50.05192501,28.12030175,0.28184819029730385
353,50.05182516,28.12026269,0.407594649466522
357,50.05172129,28.12023335,0.9444027822871472
360,50.05161279,28.12019724,0.19727430802162954
364,50.05150373,28.1201592,0.8100242093993856
367,50.05139223,28.12012193,0.24149465423768465
371,50.05128075,28.12008479,0.6926200784407517
374,50.05116574,28.12004848,0.9929627619078081
378,50.05105258,28.12000913,0.17254437675516446
381,50.05094027,28.11997565,0.5863251281172724
385,50.05082769,28.11993556,0.35952562450719994
388,50.05071248,28.11990231,0.6533675588681422
392,50.05060207,28.11986872,0.6037382197004304
395,50.05049378,28.11983287,0.9442985518159929
399,50.05039699,28.11978811,0.9098658356700814
402,50.05030609,28.11975532,1.1048884200651192
406,50.05021692,28.1197218,1.0307152257035888
409,50.05014017,28.11970428,1.431364274402433
413,50.05008011,28.11969143,1.242309098380639
416,50.05003441,28.11968784,0.14831119131217466
419,50.04999423,28.1196896,0.1664653446999437
423,50.04995395,28.11970037,0.9696931463107227
426,50.04990722,28.11972486,1.5369737871349334
430,50.0498418,28.11976788,0.8670739377865603
433,50.04976464,28.11984139,1.1065949305041392
437,50.04967441,28.11992796,0.6877793483301513
440,50.0495714,28.12002437,0.5314703715306002
444,50.0494613,28.12012727,0.4045530783686168
447,50.04935035,28.12023294,0.9474515222484828
451,50.04923949,28.12033011,0.6936851987686453
454,50.04912702,28.12042175,0.9478278531006291
458,50.04901262,28.12048969,0.7368506679900381
461,50.04889217,28.12054879,0.13639780267876928
465,50.04877391,28.12060926,0.686328639460239
468,50.04865018,28.12066086,0.38761131849016783
472,50.04851966,28.12070424,0.33089179113518186
475,50.04838845,28.12073261,0.2779351993707329
479,50.04825045,28.12074968,0.4131793862320245
482,50.04810606,28.12075392,1.283059636424037
486,50.04796116,28.12073133,0.8386484102903109
489,50.04781689,28.12069377,0.7463115719915554
493,50.04767235,28.12063343,0.39396461106482566
496,50.04752917,28.12057108,0.3181739301038548
500,50.04738014,28.12050558,1.8249044850559426
503,50.04722967,28.12044023,1.0256792258303997
507,50.04707361,28.12037103,0.6497541054521548
510,50.04691647,28.12030535,0.8204956177134709
514,50.04675859,28.12024959,0.513286525991128
517,50.0466014,28.12021319,0.109768854935989
521,50.04644383,28.12020125,0.10192418014333245
524,50.04628926,28.12021545,0.9223823659115487
528,50.04613846,28.12026446,0.2535803888899987
531,50.0459912,28.12034171,0.45282160433507135
535,50.04585443,28.12044175,0.7853864605268143
538,50.04571429,28.12054624,0.18905294809488693
542,50.04557074,28.12064887,0.6126205271141062
545,50.04542336,28.12076102,0.7550490651456474
549,50.04528005,28.12086595,0.6403769233830814
552,50.04512877,28.12097042,2.635121321762382
556,50.04497888,28.12107552,0.5642890248865473
559,50.04482508,28.12118887,1.2704357610038977
563,50.04466538,28.12130145,0.7751420724123921
566,50.0445041,28.12140985,0.7405861462014438
570,50.04433769,28.12152483,1.364701885088427
573,50.04417038,28.12164421,0.6602925204650073
577,50.0440032,28.12175905,1.7336434921043025
580,50.04383199,28.12188167,0.5966179005997998
584,50.0436577,28.12199693,0.9790421276989196
587,50.04348677,28.1221146,1.278606526185559
591,50.04331389,28.12223387,1.3634663363891901
594,50.04314074,28.122359,1.9209003778552176
598,50.04296996,28.12248032,2.556681256676479
601,50.04279668,28.12260456,1.0242033418894914
605,50.04262476,28.12272699,0.571869511567685
608,50.04244759,28.12284792,0.3203172811873239
612,50.04227063,28.12297064,1.3387758829859109
615,50.04209193,28.12309578,0.7623907486012749
619,50.0419116,28.12322296,0.3504107760919835
622,50.04173099,28.12335168,0.23712790857936625
626,50.04154813,28.1234828,0.7986253903182489
629,50.04136543,28.12361263,0.7376550713470074
633,50.04118014,28.12374864,0.2747914596363496
636,50.04099508,28.1238881,0.14902470703112994
640,50.04080608,28.12402991,0.6639405234094063
643,50.04061671,28.12416445,0.5295705356807817
647,50.04042534,28.124301,0.2599355939843384
650,50.04023221,28.12443919,0.4201138555419885
654,50.04003658,28.12457432,0.8475178305512864
657,50.03984085,28.1247075,0.6592481337587256
661,50.039644,28.12484702,0.9837163552336533
664,50.03944579,28.12498357,0.2508239070350888
668,50.03924656,28.12512255,0.21941333502039567
671,50.03904645,28.12525802,1.6534703484766773
675,50.03884793,28.1253966,1.4602706851927099
678,50.03864762,28.12553103,0.32677654065348344
682,50.03845251,28.125669,0.4602268464198911
685,50.0382554,28.12580775,0.5261334435098918
689,50.03806096,28.12594668,0.5526443043864799
692,50.03786323,28.12608632,0.5340063054626348
695,50.03766745,28.12621929,0.3507538003678375
699,50.03747351,28.12634218,0.3676242756637936
702,50.03728161,28.12645634,2.9394553228706504
706,50.03709503,28.12656509,0.5218846300479903
709,50.03691233,28.12667093,1.4922386698334091
713,50.03673549,28.12678149,0.5575993701569709
716,50.03656588,28.12690075,1.3066724128349128
720,50.03639867,28.12704335,0.4963895721418066
723,50.03623908,28.12719692,0.8230423462956551
727,50.03607923,28.127358,0.32622025820521505
730,50.03592319,28.12752683,0.6153954689360909
734,50.03576653,28.12770055,1.1548899074914571
737,50.03561093,28.12787899,1.0055348912426296
741,50.03545584,28.12805745,0.34948343706645735
744,50.03530138,28.1282375,1.1214205084790398
748,50.03514751,28.12842011,1.0212409763136532
751,50.03499218,28.12859675,0.577203577305583
755,50.0348388,28.1287781,1.3648766191982464
758,50.03468636,28.12895001,0.6451672598149103
762,50.03453233,28.12911996,0.9373723219689434
765,50.03437535,28.12928231,0.7795336510855857
769,50.03421418,28.12943703,1.6469257830872577
772,50.03405301,28.12958712,0.24706564854390103
776,50.03388617,28.12972773,1.3467922285523675
779,50.03371752,28.12986776,0.978516394351712
783,50.03354846,28.13000388,2.263848806599785
786,50.03337702,28.13014489,0.9174775530769034
790,50.03320852,28.13028789,0.5936028474984709
793,50.03303985,28.13042801,1.092008334222326
797,50.03287443,28.13056682,1.0900950039071258
800,50.03270767,28.13070441,0.2546762141215217
804,50.03254127,28.13084374,1.9183083154533314
807,50.03237265,28.13098481,0.7007419254006921
811,50.03220384,28.13112576,1.1183592000863227
814,50.03203311,28.13126692,1.578864741038736
818,50.03186022,28.13141199,2.0785996857710884
821,50.03168879,28.13155529,1.9150730800384417
825,50.03151681,28.13169847,1.5383601021573352
828,50.03134393,28.13184828,0.5179904602096433
832,50.03117191,28.13199508,0.8364755448534762
835,50.03099635,28.13214475,0.4686394791604391
839,50.03082046,28.13228852,0.7405743361422065
842,50.03064371,28.13243459,0.4136429859313458
846,50.03046763,28.1325825,0.6012084493088045
849,50.03029154,28.13273142,0.21444748139822797
853,50.03011501,28.13287644,0.41942545158614825
856,50.02993654,28.13302401,1.6822599982144013
860,50.02975993,28.13316884,0.3658929714737242
863,50.02957916,28.13332292,0.7064963932761057
867,50.02939607,28.13347366,0.7042249919105448
870,50.02921039,28.13362282,0.4894517132464406
874,50.02902609,28.13377671,1.273577235262443
877,50.0288396,28.13393434,1.146800340024415
881,50.02864796,28.13409518,0.8575267813775048
884,50.02845517,28.13425583,1.0368499616465237
888,50.02826009,28.13441897,1.0146571824608281
891,50.0280626,28.13458478,0.10464102351522406
895,50.0278611,28.13475474,1.0860982099035204
898,50.0276569,28.13492453,0.1069257884419975
902,50.0274536,28.13509555,0.5480883088310177
905,50.02724512,28.13526877,0.8635789723345968
909,50.02703903,28.13544401,1.304908616909701
912,50.02683169,28.13562044,0.6884857655287218
916,50.02662543,28.13579572,1.3596017428601508
919,50.02641888,28.13597497,0.14068805036967852
923,50.02621277,28.13614782,0.28463686130912674
926,50.02600569,28.1363269,0.5465014890594463
930,50.02580071,28.13650587,0.660547382284244
933,50.02559509,28.13668176,0.9741788893724974
937,50.0253887,28.13685418,1.0099379377850357
940,50.02518667,28.13702755,0.6405902104372871
944,50.02498669,28.13719792,0.3800288751835341
947,50.0247898,28.1373652,1.4409757294226275
951,50.02459669,28.13752971,0.5928063100720901
954,50.02440596,28.13769228,0.21536626189046543
958,50.02421818,28.13785593,0.9556121558678489
961,50.02403297,28.13801623,1.051305220925019
965,50.02385006,28.13817397,0.27737347812579827
968,50.02366942,28.13833258,0.2845937343618658
972,50.02348923,28.13848668,0.36397806134354693
975,50.02331182,28.13864022,0.684754399298583
978,50.02313563,28.13879976,0.7551342714858411
982,50.02295851,28.13895587,0.46251390354259453
985,50.02278397,28.13911109,1.2854059542707605
989,50.02260853,28.13926504,1.8452425000101376
992,50.02243076,28.13941994,2.0268589983104723
996,50.02225535,28.1395697,1.8546691888512945
999,50.0220757,28.13971619,1.0030571989645312
1003,50.02190345,28.13985578,1.0480453980416038
1006,50.02172884,28.13998571,0.507592605106071
1010,50.02155413,28.14011144,0.6687151905314248
1013,50.0213835,28.1402289,0.5260434652464683
1017,50.02121832,28.14033859,0.5521630704740927
1020,50.02106557,28.14043769,1.343934367304322
1024,50.02092425,28.14052764,2.0497964941045916
1027,50.02079334,28.14061772,1.3083977993959865
1031,50.02067007,28.1406997,1.0235077319427972
1034,50.02055886,28.14077579,1.0508313967046226
1038,50.02045948,28.14082834,1.2180598510120286
1041,50.02036811,28.14084109,0.608889359290706
1045,50.02029027,28.14081069,0.3464133214495455
1048,50.02022985,28.14074612,0.16747910750103395
1052,50.02018963,28.14065997,0.14428667011938306
1055,50.02018112,28.14054321,0.5631957165704568
1059,50.02018784,28.14041953,0.8093052415023646
1062,50.02020301,28.14028169,0.9752756474261435
1066,50.02022341,28.140124,0.9160980978714246
1069,50.02024291,28.13994648,0.6830610678508349
1073,50.0202617,28.13975921,0.6818620660069935
1076,50.02028118,28.13955999,0.9708430749301495
1080,50.02029645,28.13935935,0.22877561059706691
1083,50.02030896,28.13915261,0.2759525082591712
1087,50.02032222,28.13893837,0.40709109250223424
1090,50.02033458,28.13871921,0.19593791016791065
1094,50.02033816,28.13849371,1.0761238894821963
1097,50.02033686,28.13826073,0.79469232331495
1101,50.02033497,28.13802294,0.2735834193569849
1104,50.02032254,28.13778127,0.9792208668407575
1108,50.0203044,28.13754307,1.223593367528714
1111,50.02028639,28.13729847,1.1784153079014945
1115,50.0202707,28.1370527,1.6844904552808087
1118,50.02026123,28.1367994,1.2811980486194128
1122,50.02025398,28.13654367,0.5560316225891938
1125,50.02024686,28.13628297,0.22717406561336068
1129,50.0202432,28.13602201,0.20878557394270852
1132,50.02024246,28.13575814,0.31449953588024987
1136,50.0202459,28.13549518,0.3061978187654773
1139,50.02025339,28.13523317,0.7493867431686411
1143,50.02027238,28.13496874,0.36419685107687805
1146,50.02029672,28.13470545,0.5425247338314155
1150,50.02032294,28.13443601,1.2860926736558838
1153,50.0203515,28.13416168,2.2089942958245374
1157,50.0203769,28.13389088,1.24948331862292
1160,50.02040392,28.13361648,0.27467810379340446
1164,50.02043267,28.13333679,0.2090346882766577
1167,50.02046255,28.13305549,1.128180187579889
1171,50.02048965,28.132784,1.6134315175921161
1174,50.0205154,28.13252621,1.0468311163566175
1178,50.02054067,28.13227316,1.246336435078839
1181,50.02055891,28.13201747,0.8717179251431159
1185,50.02057718,28.13175208,0.3293307943461677
1188,50.02060244,28.13148631,0.5658208788641302
1192,50.02062761,28.13121356,0.541455412477353
1195,50.02065946,28.13093263,0.43273259862590024
1199,50.02069007,28.13065245,0.8780279793419588
1202,50.02071991,28.1303672,0.9023318531063308
1206,50.02074633,28.13008168,2.0198431320114114
1209,50.0207741,28.1297978,1.9949252940001458
1213,50.02080179,28.12951541,1.078037457468551
1216,50.02082684,28.12923783,1.056351102360074
1220,50.02085182,28.12896647,0.8751723510229171
1223,50.0208755,28.12869767,1.1703168272523312
1227,50.02090062,28.12843355,0.26545358059842944
1230,50.02092867,28.12817468,1.4078848711873628
1234,50.02095091,28.12793478,0.6983670475697468
1237,50.0209737,28.12772217,1.834531616766827
1241,50.02098877,28.12753495,1.475155537406221
1244,50.02098535,28.12737395,1.7981534673017843
1248,50.02096587,28.12725329,2.514105641843082
1251,50.02094774,28.12720272,0.685181595150556
1254,50.02093923,28.12716976,0.3618582757148197
1258,50.02092846,28.12713451,1.2929248026364315
1261,50.02091719,28.12710278,0.3609899975180632
1265,50.02090391,28.12707598,1.260097766393681
1268,50.02088785,28.12704364,0.4119978451221659
1272,50.02086692,28.12701262,1.4141050918111089
1275,50.02084417,28.12698566,0.5837654613513468
1279,50.02082216,28.12696589,0.3651714701225408
1282,50.02080352,28.12695292,1.1801853231877009
1286,50.0207888,28.12694396,1.0137208610659842
1289,50.0207742,28.12693319,0.4246418236672611
1293,50.02075924,28.12692402,0.9032186231624281
1296,50.02074299,28.12691633,0.5747855539127277
1300,50.02072481,28.12690914,0.2457486237482879
1303,50.02070419,28.12690224,0.433718851140751
1307,50.0206807,28.12689263,0.6290809405268353
1310,50.02065197,28.12688104,0.24222177107457435
1314,50.02062607,28.12687077,0.36091231620312986
1317,50.02060497,28.12686245,0.9152056770750168
1321,50.02058584,28.12685733,0.4454667645656245
1324,50.02056669,28.12685207,0.6172963202382529
1328,50.02054753,28.12684615,0.46877534980397606
1331,50.02052901,28.12683927,0.7066163248683311
1335,50.02051024,28.12683264,1.2771361018704037
1338,50.02049283,28.12682544,0.2688003676030467
1342,50.02047617,28.12681941,0.6478761495872427
1345,50.02045901,28.12681228,0.8926441886961326
1349,50.02043757,28.12680418,0.30751414691270906
1352,50.02041346,28.12679607,0.2889053200392491
1356,50.0203877,28.12678728,0.47461511588375355
1359,50.02035933,28.12677684,0.499293248479148
1363,50.02032908,28.12676265,0.13106132110500107
1366,50.02029842,28.1267425,0.0736644996775526
1370,50.02026416,28.12671714,0.5805579988771528
1373,50.02021985,28.12668588,0.5585441843964951
1377,50.02016552,28.12664711,0.6561943883855147
1380,50.02010379,28.12660709,0.46150702545733235
1384,50.02003345,28.12656658,0.5103241524783741
1387,50.01995286,28.12652562,0.6557818210542046
1391,50.01986319,28.12647696,0.7398399489743503
1394,50.01976799,28.12641336,0.8547436198880155
1398,50.01966517,28.12634174,0.6644224711927423
1401,50.01955942,28.12626277,0.46614018568527826
1405,50.01944466,28.12618358,0.21308830065925635
1408,50.0193226,28.12610785,0.6569583329074168
1412,50.01919849,28.12603434,0.5231366660605922
1415,50.01906869,28.12595008,0.14400600421252188
1419,50.01893465,28.12586271,0.959524513880618
1422,50.01879871,28.1257765,0.25906895908803373
1426,50.01866089,28.12568641,0.3017570073954675
1429,50.01852163,28.12560007,0.21683191115941708
1433,50.01837972,28.12550826,0.13319208909490735
1436,50.01823463,28.1254141,0.18100653884845605
1440,50.01808604,28.12532216,0.36870929768303706
1443,50.0179365,28.12522643,0.24001125712707896
1447,50.01778679,28.12512361,0.18807419259342714
1450,50.01763024,28.125024,0.07453620640845669
1454,50.01747563,28.12492097,0.21376180538181505
1457,50.01732027,28.12482002,1.4682372476735996
1461,50.01716486,28.12471648,0.7547010892244088
1464,50.01700764,28.12461299,1.5767992275707314
1468,50.01685239,28.12451732,1.8803901659879716
1471,50.01670121,28.12441753,0.4818127231285778
1475,50.01654776,28.12431274,0.31576090994419015
1478,50.0163951,28.12421216,1.0981058950840075
1482,50.01624289,28.12411557,0.5549159578995772
1485,50.01609348,28.12402029,0.928207996119303
1489,50.01594034,28.12392956,0.28696900446442003
1492,50.01579189,28.12383985,0.6030484946182094
1496,50.01564663,28.12374174,0.20159815953633822
1499,50.01549197,28.1236406,0.3979812087840624
1503,50.01533396,28.12353864,0.5277216268607114
1506,50.01517549,28.12343742,0.9520258162544599
1510,50.01501758,28.12333518,0.8671164895604828
1513,50.01485717,28.12323389,0.7410310844452855
1517,50.01470284,28.12313632,0.2558884797045998
1520,50.01454891,28.1230411,0.23282582597501186
1524,50.01439256,28.12296137,1.1501017009900634
1527,50.01423221,28.12289223,0.8229641539107676
1530,50.01407083,28.12282965,0.9924018126210093
1534,50.01390367,28.12277689,1.3299027959506229
1537,50.01373135,28.1227325,0.47518324001264983
1541,50.01355543,28.12268327,0.9209701537828489
1544,50.01337882,28.12264388,0.7102444640357556
1548,50.01319732,28.12261557,0.3781732171498089
1551,50.01301832,28.12258473,0.6530384649314429
1555,50.01283932,28.12254366,0.21923083398619933
1558,50.01266063,28.12249651,0.37724347188590995
1562,50.01248113,28.12246175,1.1665145116599152
1565,50.01230205,28.1224434,0.40404327822166053
1569,50.0121224,28.12241652,1.052457161762329
1572,50.01194357,28.12236619,1.0806127118701825
1576,50.0117694,28.12230342,0.5922622017806993
1579,50.01160008,28.12222983,0.1290264364467864
1583,50.01143413,28.12215085,1.0328111265480502
1586,50.01127138,28.12206036,1.42673301201562
1590,50.0111181,28.12196044,1.0382909441611463
1593,50.01097315,28.12183309,0.3616575961100565
1597,50.01082801,28.12170784,0.9941355525173464
1600,50.01068283,28.12159865,0.9360275605547598
1604,50.01053828,28.12148955,0.36557852639302785
1607,50.0103974,28.12137064,0.7829092013477846
1611,50.01025348,28.12124601,1.0758531513469185
1614,50.01010586,28.12112367,0.8459776660820201
1618,50.00995433,28.12099773,0.9517923146732882
1621,50.00980283,28.12087295,0.41129952443624934
1625,50.00964908,28.12074935,0.45606768875910336
1628,50.00949729,28.12061725,0.2050561202548402
1632,50.00934473,28.12048535,0.6143246194985232
1635,50.00919171,28.12035423,0.7325204641844256
1639,50.00903777,28.12022293,0.5264317925635399
1642,50.00888201,28.12009089,0.9948396442905415
1646,50.00872493,28.11995879,0.42869027620357636
1649,50.00856534,28.11982644,0.22036805663103234
1653,50.00840585,28.11969478,1.0651402731081339
1656,50.00824344,28.11956197,0.9482908075267866
1660,50.00808106,28.11942633,0.4822624272643047
1663,50.0079165,28.11928426,0.9420147273319694
1667,50.00775253,28.11914515,0.32797932976591415
1670,50.00758964,28.11900652,0.2832418574132132
1674,50.00742906,28.11887067,0.7017655373549194
1677,50.00726755,28.11873568,0.6071338251808822
1681,50.00710585,28.11859991,1.490844004523147
1684,50.0069488,28.11846424,0.7294026009029884
1688,50.00678906,28.11832562,1.2108998051792808
1691,50.00662956,28.118193,0.986357854492561
1695,50.00646793,28.11806575,1.8250632907947009
1698,50.00631017,28.11793195,0.20425513721926128
1702,50.00615192,28.11780045,0.6810535243321435
1705,50.00599482,28.11766769,0.7079831397066151
1709,50.00583588,28.11753217,1.0134813966204834
1712,50.00567567,28.11739828,0.48626521510703075
1716,50.00551371,28.11726031,0.7955877873434926
1719,50.0053519,28.11712409,0.44904808574930605
1723,50.00518856,28.11698641,0.3213419261302821
1726,50.00502444,28.11684846,0.29495096042941504
1730,50.0048593,28.11671181,1.0705373973629908
1733,50.00469796,28.11657268,0.22879475232689594
1737,50.00453057,28.1164323,0.5986124054458457
1740,50.00436488,28.11629255,0.8118092735965412
1744,50.00419427,28.11614784,0.6361475381371842
1747,50.00402031,28.11600359,0.934436734947496
1751,50.00384621,28.11586014,1.2622507157162726
1754,50.00367233,28.11571807,0.7064948722074569
1758,50.00350634,28.11557511,0.2997312729538174
1761,50.00334578,28.1154347,1.2658946475715342
1765,50.00318451,28.11529869,0.5241378895524618
1768,50.0030309,28.11516591,1.2819679312698953
1772,50.00288889,28.11504089,0.3861630197779244
1775,50.00275764,28.1149284,1.560188052510656
1779,50.00262811,28.11482113,0.8620962701255263
1782,50.00249799,28.11473043,0.6548065352491937
1786,50.00236333,28.1146492,1.2707533611555235
1789,50.0022226,28.11457739,0.543368478048495
1793,50.00207915,28.11450064,0.6334790864695797
1796,50.00193236,28.11443306,1.7904348878487828
1800,50.00178235,28.1143646,0.1644102555910199
1803,50.00162815,28.11429676,0.5037643872496974
1807,50.00146815,28.11422593,0.14943563784599184
1810,50.00130123,28.11415915,0.33854200421903086
1813,50.00113093,28.11409058,0.6779261854788278
1817,50.00095507,28.11401504,1.1796264787713553
1820,50.00078198,28.11394661,1.03513455828839
1824,50.00060877,28.11388297,0.6623825465624584
1827,50.0004362,28.11382111,0.38309107175070667
1831,50.00026455,28.11375471,1.1645236375771364
1834,50.00009165,28.11368744,1.4691042846255067
1838,49.99991719,28.113621,0.5461250400178376
1841,49.99974233,28.11355819,0.47981385066482135
1845,49.99956787,28.11349931,1.6431221401534515
1848,49.99939342,28.11344423,0.612239574529304
1852,49.99921807,28.11338601,0.4207456295916589
1855,49.99903977,28.11332168,0.789791804106556
1859,49.99886781,28.11325804,1.534581977740752
1862,49.99869486,28.11319213,0.4243821444996502
1866,49.99851935,28.11313996,0.31224120501151903
1869,49.99834808,28.11309413,2.520577404097834
1873,49.99817587,28.11306206,0.8001838857420204
1876,49.99800605,28.11303701,0.33622569683784104
1880,49.99783647,28.11302819,0.8187982218366284
1883,49.99767363,28.11302943,0.6212417767645306
1887,49.99751482,28.11303175,0.45200309454825577
1890,49.99736103,28.11302752,0.23618573747291885
1894,49.99721923,28.11299824,0.24466907315976139
1897,49.99708407,28.11294372,0.30456018714883454
1901,49.99695331,28.11286198,0.29900217937784224
1904,49.99682344,28.11277052,0.4563276985467727
1908,49.99669669,28.11266458,0.8199751958715101
1911,49.99658638,28.11256479,1.4223576559396507
1915,49.99648572,28.11247376,0.38080974693455594
1918,49.99638326,28.11238196,0.5011503890871694
1922,49.99627241,28.11229498,0.12239436981582329
1925,49.99615933,28.11219605,0.5326851005939849
1929,49.99604342,28.11209475,0.4085333281581108
1932,49.99592508,28.1119933,0.5976585232889039
1936,49.9958001,28.11190516,0.648269202458357
1939,49.99567473,28.11182853,1.2813469730658664
1943,49.99555283,28.11175661,0.9796086341447627
1946,49.99543239,28.11168478,0.32669035892576753
1950,49.99531651,28.11161826,0.3538558152794856
1953,49.99520185,28.11155402,0.7249962977094578
1957,49.99509158,28.1114922,0.7725563447572064
1960,49.99498575,28.11143269,0.5790042580496977
1964,49.99489211,28.11138512,0.6202564242414194
2157,49.994868755,28.109169395000002,0.34786676974709624
2160,49.994862,28.10913776,0.8090977434165335
2164,49.99485672,28.10911661,1.0891583451826081
2167,49.9948515,28.10909223,1.0471990500189576
2171,49.99484667,28.10906257,0.14875643266852012
2174,49.99484248,28.1090334,1.1297036851943167
2178,49.99483956,28.10899952,1.0829530735285524
2181,49.99483693,28.10896021,0.6830629036706455
2185,49.99483441,28.10892413,1.0552958221734223
2188,49.99483132,28.10888769,0.4506289546662691
2192,49.99482828,28.108854,0.6851993084176857
2195,49.99482477,28.10882154,0.7796756907962149
2199,49.99482179,28.10878601,0.8473019051612067
2202,49.99481921,28.1087498,0.3482353084474702
2206,49.99481663,28.1087149,0.5519110891175942
2209,49.99481357,28.10868237,0.9155358082879775
2213,49.99480949,28.10865035,0.7630498772349129
2216,49.9948033,28.10861848,0.1821900409662189
2220,49.99479723,28.1085851,0.670915256481873
2223,49.99478976,28.10854974,0.3914500599205945
2227,49.99478113,28.10851496,0.3379750111154773
2230,49.99477219,28.10848375,0.22751060843300283
2234,49.99476349,28.10845363,0.6820910265577892
2237,49.99475562,28.1084236,0.4942969938563284
2241,49.99474918,28.10839277,0.7312417090835601
2244,49.99474358,28.10836282,0.24379716205876242
2248,49.99473986,28.10833776,1.0720062874032985
2251,49.99473653,28.10830978,0.3023819341013183
2255,49.99473522,28.10827816,0.25601984968430336
2258,49.99473526,28.10824959,0.9526896452353173
2262,49.99473712,28.10822112,0.7591078412816235
2265,49.99474107,28.10818694,0.8468107422142529
2269,49.99475004,28.10814903,0.657804649513018
2272,49.99476662,28.10810671,0.7870765719357824
2276,49.99478933,28.1080626,0.4075406193104661
2279,49.99481211,28.10801609,0.7091841418602168
2283,49.99483432,28.10796493,0.5365990928266196
2286,49.99485601,28.10790885,0.42803889387997857
2290,49.99487869,28.10785098,0.31386047080436336
2293,49.99490495,28.10778531,0.5929139875623018
2297,49.99493106,28.10771801,0.4936139916755528
2300,49.99496222,28.10764946,0.40564135773740556
2304,49.99499761,28.10757693,0.3115980697516951
2307,49.99503415,28.10749763,0.516875006624025
2311,49.99507353,28.10742001,0.522114360056229
2314,49.99510911,28.10732143,0.34922745535963634
2318,49.99514877,28.10722281,0.8459380414304417
2321,49.99519343,28.10712186,0.3647415189594263
2325,49.99524483,28.1070072,0.5308011144627268
2328,49.99529755,28.10688135,0.5945976473789466
2332,49.9953583,28.10674738,0.30338927869579085
2335,49.99541977,28.1066047,0.5354131412037563
2339,49.99547985,28.10645694,0.41478604423530807
2342,49.99554247,28.1063062,0.4044412827960439
2346,49.99560296,28.10615144,0.9116864839082679
2349,49.99566938,28.10600794,1.1728297073945153
2353,49.99573234,28.10587213,2.1198347077659325
2356,49.99579491,28.10573694,1.3775594961297741
2360,49.99585888,28.10561363,1.1499818149425376
2363,49.99591401,28.10548739,0.9792634896674758
2367,49.99596878,28.10536609,0.755018298879685
2370,49.99602223,28.10524266,0.4530391430407017
2374,49.99607217,28.10511379,0.748805887587591
2377,49.99612772,28.10499518,0.45276302504558263
2381,49.99618012,28.10487813,0.7456861541717167
2384,49.99622558,28.1047554,0.6451986378060642
2387,49.99627364,28.10463211,1.1115467668326595
2391,49.99632753,28.10451453,0.7393456214879541
2394,49.99638396,28.10441366,1.0330893343537064
2398,49.99643591,28.10430197,0.32407369093469446
2401,49.9964775,28.10418212,0.7124832910092145
2405,49.99652173,28.10407247,0.31351000580801486
2408,49.99656751,28.1039653,1.3042768236849553
2412,49.99661979,28.10386489,0.6808428985274492
2415,49.99667284,28.1037673,0.6376251278986547
2419,49.99672912,28.10366059,0.5754820665407442
2422,49.99678258,28.10354504,0.7440920759484809
2426,49.99683548,28.1034279,0.361657028371116
2429,49.99688238,28.10330232,0.46853395650132357
2433,49.99692942,28.10318082,1.58190523593163
2436,49.99698336,28.10307438,0.847995361212191
2440,49.99704047,28.10297158,0.8142728800339304
2443,49.99709415,28.10285799,0.6522378375222033
2447,49.99714635,28.10274372,0.21349957814325765
2450,49.997195,28.10262486,0.19994491806102857
2454,49.99724148,28.10250094,0.40375707965962715
2457,49.99729049,28.10237744,0.25875243472050363
2461,49.99734689,28.10226273,0.768857295210769
2464,49.9974009,28.10214682,0.7941770470296461
2468,49.99744805,28.10202225,0.37739288919261477
2471,49.99749544,28.10189218,0.40348615044827274
2475,49.99753946,28.10175734,0.2716122085822535
2478,49.99758149,28.10162084,0.38433833870321343
2482,49.99762687,28.10148858,0.5697027702651071
2485,49.99766642,28.101351,0.17231134676428703
2489,49.99770259,28.10120608,0.6141622799072126
2492,49.99774208,28.10106091,0.41086373230790557
2496,49.99778064,28.10090639,0.20945501438673805
2499,49.99781967,28.10074976,0.9415558334879285
2503,49.99785643,28.10058376,0.211662395378978
2506,49.99789809,28.10041785,1.0816408984656427
2510,49.99793889,28.10024987,0.4895232393301664
2513,49.99798393,28.10007618,0.8020121932321389
2517,49.99802455,28.09990762,0.8607948045995835
2520,49.99806527,28.09973749,0.6930224069723868
2524,49.99811338,28.09956861,0.1521473026001618
2527,49.99815671,28.09940169,0.23571803743364309
2531,49.99819792,28.09922378,0.37543827319638995
2534,49.99823691,28.09903817,0.42670509403132384
2538,49.9982794,28.09885491,0.4157969374556308
2541,49.99832929,28.09866673,1.7383224004602023
2545,49.99837293,28.09847486,0.673672999615959
2548,49.99841189,28.0982839,0.5615158494921666
2552,49.99846375,28.09808987,0.4789349807381722
2555,49.9985144,28.09789177,0.31150147648319515
2559,49.99856333,28.09769441,0.8864009037415322
2562,49.9986118,28.09750098,0.32962626030167236
2566,49.99866056,28.09730513,0.33016920397513433
2569,49.99870938,28.09710393,0.7562672234774113
2573,49.99875323,28.09690246,0.18465915872414362
2576,49.99879735,28.09669383,0.4074015047735223
2580,49.99884513,28.09648315,1.2620141585827105
2583,49.99889463,28.09626745,0.7677439514762772
2587,49.9989464,28.09605545,0.5048760571344241
2590,49.99899589,28.09584219,0.5295305449009183
2594,49.9990438,28.09563042,0.7259755967471385
2597,49.99908892,28.09542791,1.010507330925695
2601,49.99913066,28.09524579,1.8016626571430205
2604,49.99916074,28.09510687,0.5215514810630285
2608,49.9991849,28.09497712,0.663782784393014
2611,49.999209,28.09484642,0.7469687015740101
2615,49.99924526,28.09469559,0.35786374512241415
2618,49.99928299,28.09453862,0.3868445543926942
2622,49.9993202,28.09437302,0.57375760264782
2625,49.99935268,28.09420315,0.34729859226123183
2629,49.99938581,28.09403765,0.3947084090670911
2632,49.99942524,28.09387081,0.3420509168764252
2636,49.99947101,28.09370438,0.6782582811456881
2639,49.99951653,28.09353793,0.6170147658974753
2643,49.9995538,28.0933679,0.40129360811430276
2646,49.99959287,28.09320158,0.8387789742732715
2650,49.9996254,28.09306134,1.7576843136991953
2653,49.99965026,28.09295602,0.5610525980229812
2657,49.9996675,28.09287744,0.08181192176555713
2660,49.99968287,28.09280245,0.21809724869632865
2664,49.99969825,28.09272145,0.9148283518543415
2667,49.99971686,28.09262358,0.8346434232975557
2670,49.9997373,28.09250385,0.5711449110703701
2674,49.99976149,28.09238057,0.7629120284838184
2677,49.99979369,28.09224891,0.9538729533566196
2681,49.99982296,28.09209771,0.4434345876286384
2684,49.99985551,28.09195035,0.3023298951908194
2688,49.99989371,28.091794,0.2400271589112218
2691,49.99992824,28.09163488,0.31959177796062477
2695,49.99996178,28.09146737,1.1204310620702553
2698,49.99999796,28.09129661,0.7650088122072078
2702,50.00003549,28.09112317,0.9121667539206731
2705,50.00007144,28.09094084,0.9447020041474737
2709,50.00011104,28.09075941,0.9645423416314054
2712,50.00015167,28.09056924,0.47980867475458144
2716,50.00019369,28.09037898,0.9602815474319398
2719,50.00023983,28.09018988,0.9530828065727045
2723,50.000281,28.08999542,0.18387607115841106
2726,50.0003232,28.08980689,0.3545441951153986
2730,50.00036515,28.08961025,0.47570328677607654
2733,50.00040919,28.08941514,0.6497025376282132
2737,50.0004572,28.08921689,2.229691732534994
2740,50.00049686,28.08901677,1.592557963450296
2744,50.00054005,28.0888166,0.8424669464195802
2747,50.00058336,28.08861953,1.9063918742488168
2751,50.00062962,28.08841104,0.4613288455686598
2754,50.00067742,28.08820873,0.7634000598911576
2758,50.00072478,28.08800289,0.4160536743434904
2761,50.00077229,28.08779695,0.7960385153086017
2765,50.00081996,28.0875881,0.2936799501263253
2768,50.00086561,28.08738041,0.4629906772476607
2772,50.00091464,28.08717066,1.2627062600471974
2775,50.00095989,28.08696875,0.513957000530508
2779,50.00100763,28.08677009,1.107916470754782
2782,50.00104983,28.08657427,0.26884683276626414
2786,50.00109659,28.08638423,0.45507979944514665
2789,50.0011391,28.08618862,1.2260512965367243
2793,50.0011752,28.0859936,0.39985544045545934
2796,50.00121635,28.0857937,1.2924021090535893
2800,50.00126826,28.08559726,0.8627097963641943
2803,50.00132066,28.08539554,0.9499040190820431
2807,50.00136979,28.08518862,0.8543396779118182
2810,50.00142042,28.08498082,1.3071031908141504
2814,50.00147378,28.08476793,0.32716027216066973
2817,50.00153111,28.08455938,0.8554827068890122
2821,50.00158547,28.08435035,1.0099290074546046
2824,50.00163841,28.08414399,0.8227190583827692
2828,50.00169255,28.08394109,1.7963204791585303
2831,50.00174169,28.08375754,2.071568558732078
2835,50.00177684,28.08360946,1.6090238371916177
2838,50.00180399,28.0834866,0.5588991507037517
2842,50.00184037,28.08337713,0.45915270055672747
2845,50.00186672,28.08327017,0.5013047920148823
2849,50.00189324,28.083165,0.480190464957785
2852,50.00191646,28.08306865,1.2252564224375235
2856,50.00193235,28.08299546,0.9763270574136231
2859,50.00195528,28.08292454,0.38553374016317254
2863,50.00197904,28.08285831,0.6681594445576349
2866,50.00200105,28.08278571,0.8049736220006664
2870,50.00202274,28.08270209,0.8794446929818733
2873,50.00204851,28.08259841,0.5711982037465354
2877,50.00207797,28.08248004,0.717099275456796
2880,50.002112,28.08234239,0.7427869776142312
2884,50.00215194,28.08218635,0.8344176944298696
2887,50.00219501,28.08201492,0.7447672177629001
2891,50.002239,28.08182531,0.6906718080944132
2894,50.00228862,28.0816255,0.21175118813428825
2898,50.00234155,28.0814198,0.5737385976352736
2901,50.00239147,28.08122132,0.10590774930139668
2905,50.00244679,28.08102258,1.4890399782113157
2908,50.00248856,28.08084594,1.8614456843941978
2912,50.00251701,28.08070681,1.6439829874454162
2915,50.0025472,28.08060189,1.1018195436576608
2919,50.00257034,28.08051822,1.072676336326151
2922,50.00259031,28.08045173,0.9785382501664954
2926,50.00260383,28.08041073,0.2877922337629827
2929,50.00260567,28.08037006,0.09088854533332234
2933,50.0025981,28.08033443,0.9413110954204539
2936,50.00259328,28.08031084,0.26242390617431405
2939,50.00259863,28.08028575,0.5396700692326204
2943,50.00260201,28.08026638,0.4000772755393139
2947,50.00260749,28.08024613,0.1311592884786126
2950,50.00261382,28.08022437,0.232655973854731
2953,50.0026211,28.0801998,0.08166788602874767
2957,50.00262735,28.08017339,0.35750662590184307
2960,50.00263341,28.0801427,0.08147103056434112
2964,50.00263829,28.08011372,0.24098775609592077
2967,50.00264294,28.08008736,0.12006409490407695
2971,50.00264773,28.08006061,0.4329547133071619
2974,50.00265387,28.08003352,0.41098950020704816
2978,50.00266167,28.08000741,0.6884837456675117
2981,50.00267123,28.07998243,0.44421366796211453
2985,50.0026812,28.07995688,0.45218919730339235
2988,50.00269062,28.07993371,0.4928251299051226
2992,50.00270093,28.07991215,0.6902404099826956
2995,50.00271263,28.07988971,0.6099638575221699
2999,50.00272396,28.07986811,0.6135598073057646
3002,50.00273359,28.0798429,0.18898621275591493
3006,50.00274335,28.07981479,0.5477566715624458
3009,50.00275314,28.07978132,0.7698081689709396
3013,50.00276302,28.07974462,0.5578590623337021
3016,50.00277735,28.0796996,0.7501508644001915
3020,50.00279439,28.07963859,0.9164165685307605
3023,50.00281524,28.07955762,0.8250508583606965
3027,50.00284226,28.07945819,0.4233925855389152
3030,50.00287358,28.07934578,0.5866484214225482
3034,50.0029073,28.07921787,0.6175560810700763
3037,50.00294364,28.07906375,0.6054576431934008
3041,50.00298552,28.07891426,0.24315493559577742
3044,50.00303791,28.07876551,0.12407987012401753
3048,50.00307381,28.07860505,0.11845622201016529
3051,50.00311099,28.07844485,0.3875833942901951
3055,50.00314728,28.07828518,0.32566660243421525
3058,50.00318074,28.07813216,0.5865451818414144
3062,50.00321681,28.07798469,0.2702787487726083
3065,50.00325574,28.07783767,0.25859762054903884
3069,50.00329567,28.07769634,0.3905444948295001
3072,50.00333194,28.07755599,1.2056969145931289
3076,50.00336119,28.07741708,1.355590517197401
3079,50.00338625,28.0772849,0.5256369636713185
3083,50.0034171,28.07718164,1.4288756176644073
3086,50.00345282,28.07710741,0.2619290140691818
3090,50.00348838,28.07703976,0.1828871199090147
3093,50.00352117,28.07697058,0.4644682831536151
3097,50.0035455,28.0768916,0.6693373157733359
3100,50.00357184,28.07680959,0.22541646173327579
3104,50.00360275,28.07673045,0.5219148463952853
3107,50.00363729,28.07664297,0.5909929484639034
3111,50.00367322,28.07655744,0.4071479263681525
3114,50.00371078,28.07648921,1.2314565903353654
3118,50.00374945,28.07642749,0.5273887116074916
3121,50.00378553,28.07636863,0.5143366178558707
3125,50.00382022,28.07631684,0.27234937429629347
3128,50.00385871,28.07627659,0.5291106588806677
3132,50.00390109,28.0762516,0.7133687614345082
3135,50.0039408,28.07623776,0.27292454835268654
3139,50.00398171,28.07622831,0.2688104054758735
3142,50.00402409,28.07621535,0.240772897189131
3146,50.00406757,28.07619755,0.2177743341497927
3149,50.00411353,28.07618594,0.5789956784242557
3153,50.00415181,28.0761748,0.565957995765939
3156,50.00418799,28.07616998,0.7157756096833991
3160,50.00422438,28.07616938,0.34599253048733664
3163,50.00426093,28.07616278,0.35072679194193995
3167,50.00429932,28.07615188,0.23912672629641235
3170,50.00433925,28.07614276,0.42572313003151935
3174,50.00437898,28.07613027,0.3575440934175482
3177,50.00441632,28.07611208,1.2553248453704033
3181,50.00445245,28.07609087,0.7280454304572842
3184,50.00448689,28.07606851,0.6156962289046518
3188,50.00452211,28.07604221,0.1351171870771289
3191,50.00456156,28.07601457,0.33235922422594527
3195,50.00460838,28.07598475,1.1276942433870083
3198,50.00465512,28.07596227,0.3398347293445076
3202,50.00470502,28.07593951,0.18740812228317372
3205,50.00475148,28.07590642,0.40615253535568574
3209,50.0047977,28.07587651,0.2948429257029138
3212,50.00484363,28.07584728,0.9272586031638111
3216,50.00487498,28.0758412,0.37312548187409406
3219,50.00489647,28.07584724,0.35743688069461693
3223,50.00491921,28.07584647,1.2308563029646133
3226,50.00494562,28.07584166,0.7173607807686492
3229,50.00498242,28.07583526,0.5434416962292996
3233,50.00503254,28.07582052,0.6317875502453282
3236,50.00509288,28.07579045,0.6620209493009883
3240,50.00516614,28.07576215,0.46636595996516333
3243,50.00524514,28.07572804,0.8854291810075414
3247,50.00533575,28.07568444,0.5922458876456109
3250,50.00543647,28.07563359,0.274371671764916
3254,50.00554008,28.07557618,0.46589539007920183
3257,50.00565169,28.07551163,0.535247486311068
3261,50.00577083,28.07544071,0.6860164887540989
3264,50.00589898,28.07537422,0.19707417896714452
3268,50.00602798,28.0753009,0.23804542233676618
3271,50.00615823,28.07522516,0.47420889182177955
3275,50.00628844,28.0751523,0.21539425043469523
3278,50.00641763,28.07509955,0.14050714065182118
3282,50.00654643,28.07508437,0.6108260552710268
3285,50.00667898,28.07508939,0.23387385744385464
3289,50.00681255,28.07509249,0.4899596761334029
3292,50.00695282,28.07509631,0.1938848258357425
3296,50.00709451,28.07509301,1.5388491384925724
3299,50.00724031,28.07508719,1.0778584278850716
3303,50.00739087,28.07508588,0.8357604688341032
3306,50.0075495,28.07508393,0.8673641866024114
3310,50.00771517,28.0750794,0.14844913546027794
3313,50.00788756,28.07507336,1.22317788125201
3317,50.00805954,28.0750645,1.9461017239313885
3320,50.00822252,28.07506537,0.6806483573103407
3324,50.00837159,28.07506011,0.1540310173033563
3327,50.00851386,28.07506774,0.21782035283190665
3331,50.00865619,28.07510022,0.1328989975688155
3334,50.0087921,28.07515129,0.14570636355388328
3338,50.00892218,28.0752143,0.12330701132856525
3341,50.00904187,28.07527844,0.19947548617074096
3345,50.00915496,28.07533228,0.2647794213484544
3348,50.0092646,28.07535874,0.6105923210004018
3352,50.00936605,28.07534318,0.8427212073817346
3355,50.00945027,28.07528961,0.6491133451903638
3359,50.00952041,28.07521404,0.6171923869380421
3362,50.00957306,28.0751333,0.8274998376968707
3366,50.00961613,28.07507006,0.5292648681229942
3369,50.00965379,28.07500638,0.2603738332795421
3373,50.00968764,28.07495591,0.3866675792213447
3376,50.00971882,28.07491036,0.3189182121952522
3380,50.0097511,28.07486342,0.6229708174020696
3383,50.00977809,28.07482035,0.4501373695068883
3387,50.00980427,28.07478141,0.32855133763610006
3390,50.00982571,28.0747388,0.566921094743653
3394,50.00984729,28.07470456,1.2727027653345162
3397,50.00986514,28.07467394,0.2800470036042485
3401,50.00988376,28.07464968,0.5293238496872211
3404,50.00990688,28.07462711,0.5531836645250194
3408,50.00993888,28.07460187,0.7201690873836558
3411,50.00997581,28.07457023,0.43125388317821206
3415,50.01002106,28.07453751,0.31228863752211916
3418,50.01006357,28.07449513,0.2102068504834392
3422,50.01010613,28.0744537,0.8766793974741947
3425,50.01015126,28.0744038,0.6921239699582015
3429,50.01020513,28.07434938,0.5900773373375672
3432,50.01026043,28.07429434,0.5014348463575785
3436,50.0103126,28.07422506,0.6010210496988594
3439,50.01036467,28.07416526,0.6175134612628851
3443,50.01042401,28.07411155,0.22888021818073467
3446,50.01048253,28.0740596,0.38138232800700206
3450,50.01054043,28.07400087,0.3813371107776214
3453,50.01059396,28.07393931,0.21048899122324397
3457,50.01064541,28.07388465,0.3630678977226828
3460,50.01068775,28.07382151,0.23786030554743431
3464,50.01073389,28.07377167,0.30239480902258875
3467,50.01078269,28.07373113,0.6788075671873134
3471,50.01084153,28.07369364,0.2401228822994527
3474,50.0108953,28.07363734,0.47427757034909884
3478,50.01094946,28.07358173,0.3989388523134412
3481,50.01100498,28.07351999,0.19006724087882584
3485,50.01105831,28.07347238,0.2149818300352386
3488,50.01111589,28.07343542,0.2214495806275996
3492,50.01116328,28.0733912,0.7660527171137832
3495,50.01120898,28.07333975,0.1407157306592187
3498,50.01125224,28.07327746,0.31466201789274323
3502,50.01129839,28.07321633,0.41016462068646425
3505,50.01134921,28.07316892,0.5980795034435568
3509,50.01140631,28.0731239,0.49339475543620703
3512,50.01146545,28.07308133,0.23609813973859517
3516,50.01152179,28.0730311,0.31041989489573185
3519,50.01157629,28.07297213,0.8502425306915534
3523,50.01163392,28.07291533,0.2675349901426057
3526,50.01169215,28.07285686,0.7330747730336447
3530,50.01175304,28.07279559,0.41886407905299605
3533,50.01182107,28.07273338,0.5166028306164621
3537,50.01188723,28.07266197,0.7940286090073511
3540,50.01195763,28.07259976,0.5052543345001937
3544,50.01202572,28.07252968,0.40385834170098106
3547,50.01209992,28.07245055,0.3692536814743717
3551,50.01217334,28.07237394,0.5574347190295484
3554,50.01224949,28.07230261,0.4886226379492517
3558,50.01232279,28.07222341,1.3606661113559084
3561,50.01239765,28.0721438,0.4821848262669649
3565,50.01247291,28.07206026,0.2834215071077103
3568,50.01255188,28.07197659,0.5865108100965639
3572,50.01262798,28.07189176,0.3139637837127813
3575,50.01270907,28.0718207,0.2801577309200983
3579,50.01279074,28.07175227,0.18093900502910143
3582,50.01287109,28.0716756,0.5077813434462874
3586,50.01295381,28.07159859,0.8985843871667366
3589,50.01303696,28.07151699,0.2178491525442922
3593,50.01312211,28.07143014,0.39137784188305635
3596,50.01320918,28.07133815,0.4774181473475397
3600,50.01329549,28.07123509,2.16853106033816
3603,50.01336099,28.07115061,0.6618918985882781
3607,50.0134192,28.07109983,0.3274000154364943
3610,50.01347824,28.07104832,0.5461620591150829
3614,50.0135294,28.07098455,0.43556265214332057
3617,50.01358214,28.07091649,0.41953219262093605
3621,50.01363683,28.0708361,0.5272438386294667
3624,50.01369965,28.07075196,0.7326721089431394
3628,50.01376722,28.07066214,0.8177064034597615
3631,50.01383733,28.07056855,0.9144875284234819
3635,50.01391227,28.07046752,1.1431196415873288
3638,50.01398692,28.0703591,0.33089802418705294
3642,50.01406926,28.07024586,0.5662880238189315
3645,50.01415295,28.07013682,0.27826993488818647
3649,50.01423804,28.07002348,0.6408040552151973
3652,50.01432216,28.06990546,1.1588683741640804
3656,50.01440969,28.06978462,0.880420413027652
3659,50.01449009,28.06966248,1.0329341039627196
3663,50.01456852,28.06953644,0.3554132939187996
3666,50.01465299,28.0694109,1.047048737306598
3670,50.01474252,28.06928406,0.29234680419666437
3673,50.01483512,28.06915342,0.30084622244808046
3677,50.01493157,28.06901615,0.8009001143720317
3680,50.01503159,28.06887774,0.5139115383517091
3684,50.01513322,28.06873706,0.7496201855910182
3687,50.01523564,28.06859352,0.704531884501007
3691,50.0153401,28.06844796,0.6074716920764601
3694,50.01544729,28.06829876,0.6688959293002062
3698,50.01555455,28.06814892,0.3808998032897148
3701,50.01566303,28.06799649,1.1386058465668873
3705,50.01577051,28.06784178,1.0056658792208062
3708,50.01587802,28.06768982,0.7702848083123774
3712,50.01598661,28.06753108,0.843098878413614
3715,50.01609671,28.06737751,0.12623981944963278
3719,50.01620723,28.06721977,1.7354332303536997
3722,50.01631994,28.06706227,0.7026995585687104
3726,50.01643692,28.06690567,0.7881718402632878
3729,50.01654704,28.06674016,1.217324005661474
3733,50.01665753,28.06657351,0.537090630829088
3736,50.01676593,28.06640199,0.6718705545756958
3740,50.0168761,28.06623453,1.086634985933556
3743,50.0169889,28.06607532,0.5947867518459165
3747,50.01710235,28.06592398,1.1291463797429846
3750,50.01721215,28.06577296,0.5166338833258656
3754,50.01732593,28.0656322,0.4359212223319907
3757,50.01744455,28.06549976,0.6193717978632608
3761,50.01756593,28.06537859,1.218296106231843
3764,50.01769239,28.06526519,0.8059851596000526
3768,50.01781825,28.06517002,0.2733240689343645
3771,50.01794394,28.06507498,0.3614241076761224
3775,50.01807092,28.06497752,0.7756148914914472
3778,50.01819815,28.06487457,0.40009651343628927
3781,50.01832561,28.0647796,0.5391449105941465
3785,50.01845272,28.06468242,1.2479210661494045
3788,50.01857997,28.06457725,0.5702254491523093
3792,50.01870832,28.06447168,1.328123444771148
3795,50.01883895,28.06437055,0.9573279999730724
3799,50.01897051,28.06426545,0.5952849265539818
3802,50.01910441,28.06415852,0.3814001971966835
3806,50.01923555,28.06404941,0.3369415920325534
3809,50.01936868,28.06394651,0.5706394801093977
3813,50.01950205,28.063838,1.6852544525334068
3816,50.01963462,28.06372381,0.6186116469108651
3820,50.01976665,28.06361133,0.4263718319954839
3823,50.01989865,28.06350327,0.3099361671932217
3827,50.02003444,28.0633928,0.7352008405824382
3830,50.02016873,28.063285,0.2576120300401617
3834,50.02030238,28.06317256,0.6934159922186788
3837,50.02043454,28.06306085,1.6561763087426784
3841,50.02056554,28.06295028,0.6002565525944725
3844,50.02070159,28.06284103,0.789695815930945
3848,50.02083045,28.06273384,0.7488741129443073
3851,50.02095943,28.06262877,0.5940618445639144
3855,50.02108427,28.06252247,0.439820296686969
3858,50.02120654,28.06241548,0.602753024651785
3862,50.02132979,28.06231702,0.6871063769270814
3865,50.02144757,28.06221769,0.3702969093689065
3869,50.02155212,28.06213842,1.5217480796316443
3872,50.02163429,28.06207755,2.0704312466742585
3876,50.02169005,28.06202999,1.142340135168613
3879,50.02172564,28.06200563,0.7320373160952254
3883,50.02176235,28.06197898,1.0175523433283256
3886,50.02179887,28.06194932,0.6537522382334947
3890,50.02183711,28.06189599,0.45732095109142995
3893,50.02187447,28.06181624,0.11372112375748757
3897,50.02189628,28.06170883,0.3838947811268529
3900,50.02189897,28.06159151,0.30364014340580586
3904,50.02187727,28.06146559,0.23543847110562632
3907,50.02182285,28.06133773,0.7511262046311277
3911,50.02175173,28.06121192,0.5153135972708118
3914,50.0216711,28.0610804,0.7122717125297654
3918,50.02158289,28.06093173,0.6406861987162437
3921,50.02148427,28.06076776,0.6340371144620692
3925,50.02137921,28.06059464,0.6357088629683838
3928,50.02126413,28.06040982,0.6054946962057028
3932,50.02114577,28.06020986,0.5120831980979383
3935,50.02101914,28.06000735,0.21019110134978877
3939,50.02088794,28.05979324,0.1813362170550108
3942,50.02075169,28.05956799,0.47942930500392866
3946,50.02061268,28.0593366,0.2942193436446262
3949,50.0204685,28.05910782,0.1433673016147936
3953,50.02032172,28.05887737,0.22246527786815828
3956,50.02017324,28.05864543,1.2485581056116517
3960,50.02002134,28.05840735,0.42786118828552877
3963,50.0198678,28.05817519,0.23629350227686086
3967,50.01971209,28.05794589,0.21739725267813767
3970,50.01954662,28.05771875,0.30831572002458
3974,50.01937838,28.05749605,0.09121720485178735
3977,50.01920326,28.05727814,0.45700829228452167
3981,50.01903095,28.05706328,0.31515448764411264
3984,50.01885316,28.05685626,0.42160383625354797
3988,50.01867462,28.05664708,0.1461675460525778
3991,50.01849714,28.05644054,0.24758691858099663
3995,50.01831766,28.05623434,0.21962876733580675
3998,50.01813949,28.0560331,0.5834725383267076
4002,50.01795896,28.05583328,0.25242596057933125
4005,50.01778227,28.05563177,0.6988405555272335
4009,50.01760468,28.05543691,1.6022174532842375
4012,50.01744754,28.05525458,1.3635157638369257
4016,50.01730449,28.05509132,1.4102213020915897
4019,50.01717503,28.05494509,1.4874732069468029
4023,50.01706152,28.05481703,0.8764457432018091
4026,50.01695654,28.05469995,1.6790745789007147
4030,50.01684794,28.05458239,0.7499150678526123
4033,50.01673852,28.05445582,0.33169800235001934
4037,50.01662241,28.05432713,0.6656898131916601
4040,50.01649682,28.05418767,0.3647888664479403
4044,50.01636697,28.0540429,0.3572953592130353
4047,50.01623121,28.05388855,0.6540219224072541
4051,50.01608842,28.05372988,0.21600654832558172
4054,50.01593909,28.05356797,0.2689167145466588
4058,50.01578927,28.05339684,0.2146589755759176
4061,50.015633,28.05322707,0.3837438593702543
4064,50.01547365,28.05305034,0.26310178381209176
4068,50.01531084,28.0528675,0.3776571104850648
4071,50.01514897,28.05268679,0.485372554331423
4075,50.01498599,28.05250338,0.14107529959641954
4078,50.01482035,28.05231705,0.24684705056160086
4082,50.01465485,28.0521283,0.32651736001849113
4085,50.01448881,28.05194397,0.4123200444928464
4089,50.01432481,28.05176237,0.17106670305124327
4092,50.01416516,28.05158112,0.17253043933270937
4096,50.01400697,28.05140608,0.166097277842806
4099,50.01385066,28.05123502,0.48268192558828393
4103,50.01369573,28.05106494,0.3425694300969538
4106,50.01354504,28.05090141,0.4733363570310262
4110,50.01340003,28.05073839,0.5057415365315846
4113,50.01326229,28.05058731,0.3528161975478008
4117,50.01312526,28.05043369,0.49197913309089064
4120,50.01299535,28.05028582,0.5413194643539219
4124,50.01287249,28.05014322,0.698116037446223
4127,50.01275955,28.05001064,0.9504981543040437
4131,50.0126609,28.04988658,1.266736806710386
4134,50.01257742,28.04977279,0.9666646104328128
4138,50.01250508,28.04967564,1.2803730958683874
4141,50.01244181,28.04960267,0.9101138139258423
4145,50.01238943,28.04954616,1.06447759552709
4148,50.0123507,28.04950158,1.4088794010884138
4152,50.01231127,28.04945879,0.7964319274735188
4155,50.01227029,28.04941274,0.18690787161359948
4159,50.0122302,28.04936783,0.11821020350011394
4162,50.01219164,28.04932447,0.21115110073233534
4166,50.01215192,28.04928233,0.2686313317111001
4169,50.01211222,28.04923923,0.18395249242053682
4173,50.01207358,28.04919477,0.14066250007949907
4176,50.01203619,28.04915227,0.2132405254069868
4180,50.01199926,28.04911253,0.5983113888965369
4183,50.01196998,28.04907722,0.44404466984245133
4187,50.01193996,28.0490449,1.5467517721966246
4190,50.01191057,28.04901378,1.0413894166679272
4194,50.01188141,28.04898189,0.47609679043479197
4197,50.01185234,28.04895057,0.23433568259701415
4201,50.01182391,28.04891846,0.27222861169105833
4204,50.01179403,28.04888881,0.36057213410257566
4208,50.01176377,28.0488605,0.42358069025146367
4211,50.01173396,28.04883045,0.1035129439074694
4215,50.01170311,28.04879542,0.47219134330025914
4218,50.01167358,28.04876004,0.5769059494987907
4222,50.011645,28.04872641,0.5508153932876001
4225,50.01161774,28.04869495,0.4185906920069668
4229,50.01159754,28.0486713,1.002119533564729
4232,50.01158717,28.04866029,1.1801379600201047
4236,50.011586,28.04865922,0.2221528507274808
4239,50.01158632,28.04866007,0.208551738732423
4243,50.01158668,28.04866037,0.20367450579466675
4246,50.01158632,28.04866033,0.20258146690294898
4250,50.0115854,28.04865987,0.20440244708146008
4253,50.01158503,28.04865974,0.2003768643835136
4257,50.01158558,28.04865959,0.1984016084013405
4260,50.01158557,28.04865894,0.19722767360848467
4264,50.0115858,28.04865918,0.187756744457734
4267,50.01158598,28.04865923,0.19388054387603196
4271,50.01158659,28.04865863,0.20188651400571825
4274,50.01158681,28.04865812,0.1990237921099672
4278,50.01158667,28.04865792,0.1973751508088312
4281,50.01158645,28.0486576,0.20571624335530678
4285,50.01158657,28.04865754,0.19811989776794697
4288,50.01158678,28.04865738,0.1957198257857519
4292,50.01158706,28.04865714,0.1947936630696648
4295,50.0115872,28.04865698,0.19339218830399488
4299,50.01158721,28.04865668,0.19357598382695715
4302,50.01158723,28.04865648,0.1925742933818835
4306,50.01158721,28.04865626,0.19669849902379208
4309,50.01158721,28.04865618,0.19458685852269092
4312,50.01158722,28.04865612,0.19309064295978903
4316,50.01158723,28.04865609,0.20037111414355566
4320,50.01158724,28.04865609,0.19977702643460654
4323,50.01158723,28.04865608,0.21838385102357477
4327,50.01158723,28.04865608,0.1928773636405874
4330,50.01158724,28.04865607,0.19529108894222807
4334,50.01158725,28.04865607,0.34376983626154234
4337,50.01158432,28.0486525,0.41296909955816363
4340,50.01157458,28.04864096,0.11462326294347464
4344,50.01156246,28.04862441,0.0880642433042853
4347,50.01155031,28.04860755,0.25832047959923254
4351,50.01153832,28.04859148,0.08471817755255584
4354,50.01152648,28.04857641,0.2583172227468264
4358,50.0115136,28.04856086,0.08692582912449733
4361,50.01149953,28.048545,0.21898092153262103
4365,50.01148383,28.04852741,0.3981477062922711
4368,50.01146708,28.04851151,0.39990434915774825
4372,50.01144945,28.04849766,0.2004912192496719
4375,50.01143197,28.04848517,0.10181457859450192
4379,50.0114141,28.04847193,1.1315470421548726
4382,50.01139743,28.04845806,0.8183054691985098
4386,50.01138136,28.04844369,0.4236007370883042
4389,50.01136478,28.0484296,0.8407651338685995
4393,50.01135016,28.0484164,0.3613652064906573
4396,50.01133869,28.04840516,0.1465875791884491
4400,50.01132634,28.04839417,0.28852987561327104
4403,50.01131249,28.0483821,0.7944540559463401
4407,50.01129971,28.04836991,0.23524032284436977
4410,50.01128964,28.04835948,0.4094936902477599
4414,50.01128341,28.04835303,0.4951168889843365
4417,50.01128183,28.04835128,0.19972331021466547
4421,50.01128165,28.04835118,0.1723685175764336
4424,50.01128154,28.04835014,0.17327424573197953
4428,50.01128124,28.04834905,0.17550443707566846
4431,50.0112812,28.04834873,0.1778497927910607
4435,50.01128043,28.04834854,0.1749540076504482
4438,50.01128014,28.04834931,0.1792355353312962
4442,50.01128011,28.04834957,0.17708589430500982
4445,50.01128005,28.04834977,0.1782785036274784
4449,50.01128043,28.04834988,0.1766165172916382
4452,50.01128063,28.04835035,0.17716875151699757
4456,50.01128079,28.04835074,0.17413094462703557
4459,50.01128086,28.04835093,0.17028314960622412
4463,50.01128087,28.04835125,0.17133080446552773
4466,50.01128084,28.04835153,0.1667102971909746
4470,50.0112809,28.04835161,0.16992558706580593
4473,50.01128093,28.04835173,0.1707938534690373
4477,50.01128093,28.04835177,0.16882127587616358
4480,50.01128092,28.04835178,0.1694563253648191
4484,50.0112809,28.04835179,0.16667742821213788
4487,50.01128094,28.04835192,0.16638344177547243
4491,50.01128094,28.04835195,0.16750274759222278
4494,50.01128095,28.04835196,0.16819626861283135
4498,50.01128094,28.04835195,0.1672919850024654
4501,50.01128093,28.04835195,0.16880061946161248
4505,50.01128089,28.04835197,0.16735757579694832
4508,50.01128085,28.04835198,0.1689212629698456
4512,50.01128083,28.04835199,0.16741260550517761
4515,50.01128081,28.048352,0.17123077587387878
4519,50.0112808,28.04835201,0.17005929667798508
4522,50.01128079,28.04835202,0.16788559071872158
4526,50.01128078,28.04835201,0.1710862843149953
4529,50.01128085,28.04835229,0.16805494208718266
4533,50.01128086,28.04835236,0.17055852950781705
4536,50.01128086,28.04835237,0.16912161545907542
4540,50.01128084,28.04835237,0.16817574900428117
4543,50.01128071,28.04835223,0.1678163344431476
4547,50.01128064,28.04835218,0.16886370157065717
4550,50.01128062,28.04835216,0.1686678475337703
4554,50.0112806,28.04835215,0.16919496383916496
4557,50.01128059,28.04835213,0.16801980828462013
4561,50.01128058,28.04835212,0.17323267991627633
4564,50.0112806,28.04835209,0.1704391814086551
4568,50.0112806,28.0483521,0.18053011557558277
4571,50.01128057,28.048352,0.17375212246034355
4575,50.01128054,28.04835195,0.16590271795335293
4578,50.01128051,28.04835195,0.16319219580189215
4582,50.0112805,28.04835195,0.16804585730990682
4585,50.01128048,28.04835195,0.17401812399312908
4589,50.01128046,28.04835194,0.17281810178338172
4592,50.01128044,28.04835193,0.21394759845271646
4595,50.01127568,28.04834763,0.6035238115763734
4599,50.01126298,28.04833346,0.12574666147077512
4602,50.01124686,28.04831604,0.20413202645355358
4606,50.01122963,28.04829544,0.3661564011226179
4609,50.01121153,28.04827212,0.3004851941516456
4613,50.01119108,28.04824625,0.1543300588726302
4616,50.01116815,28.0482166,0.08931229037860652
4620,50.01114272,28.04818311,0.13650921526889523
4623,50.01111463,28.04814796,0.4089931643265833
4627,50.01108424,28.04811242,0.35058602696618574
4630,50.01105337,28.04807862,0.5934898790688996
4634,50.01102351,28.04804687,0.8072555376269951
4637,50.01099358,28.04801584,0.18288007256177877
4641,50.01096286,28.04798482,0.20032835163557586
4644,50.01093137,28.04795262,0.7849672656348552
4648,50.01089995,28.04791954,0.26735808897460445
4651,50.01086798,28.04788518,0.30409078711196474
4655,50.01083579,28.04785,0.11881789174413958
4658,50.0108036,28.04781256,0.3901739952821469
4662,50.01076966,28.04777318,0.8846868179206935
4665,50.01073569,28.04773228,0.3755839061345699
4669,50.01070142,28.04768785,0.5378634208224147
4672,50.01066436,28.04764636,0.22819077966272355
4676,50.01062859,28.04760001,0.28718145585863736
4679,50.01058932,28.04755504,0.22853134801667882
4683,50.01054642,28.04751092,0.297539023979845
4686,50.01050104,28.04746118,0.6843638122407918
4690,50.01045371,28.04741044,0.5368478101635314
4693,50.01040475,28.0473587,0.4607731861154522
4697,50.01035322,28.04730925,0.19256312380880747
4700,50.01030303,28.04725722,0.49411129898512995
4704,50.01025673,28.04720381,0.2847097015868762
4707,50.01021111,28.04714785,0.46171000324786327
4711,50.01016489,28.04709656,0.5679229641585641
4714,50.01011953,28.0470483,0.2221533669514736
4718,50.01007464,28.0469999,0.27814428279377335
4721,50.01003158,28.04695454,0.5433872669628566
4725,50.00999496,28.04691604,0.4794069860716686
4728,50.00995624,28.04687069,0.49971253394780246
4732,50.00991789,28.04682577,0.2768352472174899
4735,50.00988037,28.04678094,0.5050154382070573
4739,50.00983614,28.04673925,0.198967571995337
4742,50.00978561,28.04670343,0.3449305804286385
4746,50.00972905,28.04666763,0.22793002997980227
4749,50.00967357,28.04663308,0.21563972222597697
4753,50.00962564,28.0465825,0.16227090728235355
4756,50.00957947,28.04651983,0.21715409700493787
4760,50.00952705,28.04645781,0.38737428012221314
4763,50.00947189,28.04639504,0.19667092515142853
4767,50.00941929,28.04633051,0.2884416964968473
4770,50.00936309,28.04627658,0.3154338969518882
4774,50.00931031,28.04622099,0.3408477462657793
4777,50.0092564,28.04615234,0.2264994517821773
4781,50.00920897,28.04608243,0.8191234333785644
4784,50.0091703,28.04602141,0.8325980627128658
4788,50.00914016,28.04598015,0.7258793527762695
4791,50.00910956,28.04594905,0.5629894905026374
4795,50.00908307,28.04591602,0.8692539117614824
4798,50.00906118,28.04588176,0.28917853266336807
4802,50.00903974,28.04585404,0.24678495030775424
4805,50.0090166,28.04582675,0.4667604613231951
4809,50.00899238,28.04580169,0.5828074379513875
4812,50.0089691,28.0457778,0.213194007432365
4816,50.00894628,28.04575084,1.1644080172849256
4819,50.00892328,28.04572207,0.6657020769359931
4823,50.00890044,28.04569446,0.5260169654221734
4826,50.00887706,28.04566618,1.1157626683471271
4830,50.0088541,28.04563859,0.6248587081327838
4833,50.00883274,28.0456118,1.280588767631618
4837,50.00881279,28.04558898,0.4967295164062628
4840,50.00879561,28.04556861,0.3766031227979271
4844,50.00877853,28.04554909,1.1948948910861137
4847,50.00876106,28.04552888,0.915485885847351
4851,50.00874268,28.04550867,0.48247345310121176
4854,50.00872456,28.04548972,0.8067173811208633
4858,50.0087036,28.04546617,0.32747046500176447
4861,50.00868095,28.04544103,0.5621183204551033
4865,50.00865692,28.04541587,0.8557025178717479
4868,50.00863217,28.04538985,0.794464847157301
5059,50.00504744,28.040016270000002,0.5298947858089931
5063,50.00499987,28.03989091,0.6517334473136968
5066,50.0049599,28.03978868,0.599966347202429
5070,50.00491488,28.03967651,0.8199631553425168
5073,50.00486348,28.03954926,0.8957770922404754
5077,50.00480648,28.03940163,1.0088633409320795
5080,50.00474205,28.03924408,0.4472865023999326
5084,50.00467699,28.03907434,0.6003690353964759
5087,50.004604,28.03889409,0.777396026596373
5091,50.00452753,28.03869939,0.4439957855448714
5094,50.00444863,28.03850271,0.4533421292784812
5098,50.00436393,28.03829005,0.3234277362959601
5101,50.00426862,28.03805241,0.5781306740885863
5105,50.00418189,28.03783568,0.45438095890131547
5108,50.00408688,28.03759663,0.6798691818326047
5112,50.00398891,28.03734875,0.4190400749061475
5115,50.00388769,28.03709355,0.3746608965775989
5119,50.00377717,28.03681377,0.4375791925218376
5122,50.00367805,28.03656055,0.38859446976583106
5126,50.00356829,28.03628303,0.44573828536080395
5129,50.00345549,28.03599938,0.44583429436597694
5133,50.00334314,28.03571422,0.20081501900442483
5136,50.00321848,28.03539759,0.4528729743099838
5140,50.00310614,28.03511322,0.3683227096471137
5143,50.00298378,28.03480562,0.2359083357347257
5147,50.00285169,28.03447148,0.4688394431455157
5150,50.00273429,28.03417329,0.31105759934000005
5154,50.00260838,28.03385168,0.5795916986789028
5157,50.00247088,28.03350149,0.1390508739789999
5161,50.00234645,28.03318458,0.43193302372447057
5164,50.00221362,28.03284988,0.2878380177458271
5168,50.00207565,28.03250298,0.16378715545966516
5171,50.00194191,28.03216316,0.2673984406732485
5175,50.00179787,28.03179928,1.1371557988706649
5178,50.00167104,28.03147654,2.533609246735888
5182,50.001534,28.03112811,0.636488785667
5185,50.00139382,28.03077261,0.677932271593556
5189,50.00125207,28.03041246,0.49725997208386735
5192,50.00110739,28.03004748,0.423126671085977
5196,50.00096177,28.02967646,0.2706291096254007
5199,50.0008142,28.02930118,0.15487880888421143
5203,50.00065762,28.02890046,0.5128686856947865
5206,50.00051773,28.02854542,0.19326911669673702
5210,50.00036536,28.02815922,0.21361086761120454
5213,50.00020125,28.02774615,0.2255855010927606
5217,50.00005581,28.02737982,0.11417744710381378
5220,49.99989899,28.02698408,0.33670935420864595
5224,49.99974101,28.02658407,0.30047395250533526
5227,49.9995818,28.02617913,0.44090130202427036
5231,49.9994209,28.02577007,0.30306010053624993
5234,49.99925922,28.02535796,0.5528541015456206
5238,49.99909531,28.02494246,1.6304213672202428
5241,49.99893122,28.02452482,0.29600495586826114
5245,49.99876967,28.02411411,0.6433556932614725
5248,49.99859225,28.02366917,0.2460367694609401
5252,49.99843543,28.02327725,0.4806903412076995
5255,49.99826852,28.02285799,0.16340614843076276
5259,49.99810021,28.02243412,0.354487783605369
5262,49.99793529,28.02201709,0.48987050781845637
5266,49.99776861,28.02159521,0.4409173978036422
5269,49.99759218,28.0211483,0.25781516702702406
5273,49.99743518,28.02075043,0.5438169280312497
5276,49.99726679,28.02032363,0.3574628601794796
5280,49.99709765,28.01989478,0.1239947837191464
5283,49.9969291,28.01946333,0.633962476858639
5287,49.99675943,28.01903048,0.29939131550576337
5290,49.99658852,28.01859701,0.14824272280052822
5294,49.99641846,28.01816621,0.7647413423324366
5297,49.99624715,28.01773132,0.4082351646302697
5301,49.99607545,28.01729541,0.41213612898126784
5304,49.99590242,28.01686011,0.23152820309964195
5308,49.99573018,28.0164249,0.3545458320706382
5311,49.99556066,28.01599495,0.49238702035785437
5314,49.9953785,28.01553393,0.17944254026619422
5318,49.9952188,28.01512834,0.14301594007401144
5322,49.99504812,28.01469656,0.0975718178273452
5325,49.99486704,28.014237,0.2531014218294826
5328,49.99470947,28.01383814,0.26275836780843426
5332,49.9945417,28.01341054,0.4013435522020993
5335,49.99437523,28.01299096,0.4983262610970608
5339,49.99421184,28.01257706,0.13262541170994196
5342,49.99404353,28.0121488,0.14742371608107893
5346,49.99389508,28.01177578,0.5125901116362334
5349,49.99374036,28.01138338,0.22219024235652324
5353,49.99358895,28.01099758,0.3246169405629797
5356,49.99343989,28.01061758,0.5073951311552805
5360,49.99328497,28.01022399,0.3491334123324152
5363,49.9931491,28.00987871,0.27000605595873584
5367,49.99300631,28.00951439,0.43451737043377486
5370,49.992857,28.00913067,0.2171699626962265
5374,49.99272779,28.0087964,0.14768175983179752
5377,49.99259122,28.0084413,0.1032831808637941
5381,49.99244743,28.00806758,0.30235692251602914
5384,49.99232149,28.00772966,0.13647401355392424
5388,49.99219119,28.00737578,0.520769674128022
5391,49.99206041,28.007021,1.4535658068572141
5395,49.9919305,28.00667072,0.13380410391378972
5398,49.99179202,28.00630246,0.10394025142609964
5402,49.99167161,28.00598307,0.5141089006736438
5405,49.991546,28.0056505,0.16017965795689149
5409,49.9914192,28.00532126,0.1764473127685346
5412,49.99129422,28.00499787,0.2883004031666545
5416,49.99117312,28.00468398,0.6674948304224159
5419,49.99105692,28.00438445,0.6140908798045409
5423,49.99094602,28.00410115,0.33343691090300703
5426,49.99083088,28.00380627,0.1512453167369038
5430,49.99073237,28.00355362,0.26940740229685733
5433,49.99063261,28.00329199,0.5489734515515139
5437,49.99053507,28.00302117,0.049000001610150626
5440,49.99045337,28.00278938,0.4650851012804357
5444,49.99035796,28.00256098,0.38069679057307204
5447,49.99026025,28.00233405,0.19425884851665784
5451,49.99016877,28.00211322,0.4813726244849388
5454,49.9900832,28.00190014,0.2561596256100684
5458,49.99000201,28.00169681,0.38078022811578227
5461,49.98992522,28.00150198,0.18741859259723936
5465,49.98985208,28.00131086,0.9616382682330225
5468,49.98978657,28.00113046,0.16308800665910103
5472,49.98972632,28.00095576,0.08293835334519876
5475,49.98966461,28.00078744,0.3442650893166803
5479,49.98959515,28.00061982,0.08762167521123457
5482,49.98951648,28.00044165,0.20773359776749134
5486,49.98944655,28.00028233,0.1660989078613027
5489,49.98937421,28.00010535,0.2209891620359328
5493,49.9892945,27.99991343,0.1191721211122124
5496,49.98922379,27.99973871,0.17585677107026879
5500,49.98914681,27.99954653,0.25823144863934944
5503,49.98906973,27.99934752,0.21464094206633
5507,49.98899151,27.99914438,0.08793104738722336
5510,49.9889099,27.99893365,0.06119902946152085
5514,49.98883032,27.9987316,0.1286439994664537
5517,49.98874553,27.99851783,0.15971861714263705
5521,49.98865968,27.99830409,0.2736375457993041
5524,49.98857367,27.99808873,0.06582598192083104
5528,49.988487,27.99787309,0.0571946372804454
5531,49.98839916,27.99765584,0.0515655970309454
5535,49.98831145,27.9974359,0.13403891862694567
5538,49.98822145,27.99721154,0.11207896299569782
5542,49.98813246,27.99698848,0.24444668182519333
5545,49.98804205,27.99676232,0.10550306572972597
5549,49.98795147,27.99653527,0.10294935065953431
5552,49.98785835,27.99630309,0.05965105643966265
5556,49.98776529,27.99607253,0.1113103479749317
5559,49.98767848,27.99586,0.16092977400991698
5563,49.98758352,27.9956267,0.06600638460390998
5566,49.98749015,27.99539855,0.3198194223030796
5570,49.98739822,27.99517322,0.1607447345211824
5573,49.98730587,27.99494715,0.09563537332554752
5577,49.98721942,27.99473416,0.158495152987765
5580,49.98712126,27.99449036,0.08191084241521729
5584,49.98702922,27.99426171,0.05895331357818186
5587,49.98694453,27.99404953,0.07624373276061872
5591,49.98684667,27.99380483,0.1871047652234799
5594,49.98675326,27.99357488,0.2812173292349561
5598,49.98665928,27.99334374,0.15840179671644977
5601,49.9865635,27.99310542,0.20512646511765706
5604,49.98646896,27.99286957,0.14651667355051512
5608,49.98637265,27.99263144,0.1729971582008273
5612,49.98627556,27.99239451,0.18956687474483683
5615,49.9861854,27.99217022,0.22763957564458412
5618,49.98608129,27.99191177,0.08783130360152347
5622,49.98598446,27.99166904,0.19835866521503112
5625,49.98588628,27.9914236,0.1890205423567584
5629,49.98578724,27.99117632,0.17904688708688213
5632,49.98569286,27.99094686,0.04466169799023505
5636,49.98558687,27.99068632,0.20307515990287384
5639,49.98549051,27.99044218,0.10273353556266368
5643,49.98540087,27.99021144,0.07244119486887611
5646,49.98530012,27.98994881,0.15975753064187537
5650,49.98520408,27.98970097,0.11828447201175189
5653,49.98510815,27.98945341,0.10155415154498365
5657,49.98501133,27.9892056,0.10618417733767212
5660,49.98491498,27.98896106,0.17191413974606432
5664,49.98481788,27.98871389,0.1932686708867002
5667,49.98472104,27.98846871,0.038175225946768844
5671,49.98463212,27.98824108,0.12609957458849722
5674,49.98453149,27.9879846,0.28308637332274356
5678,49.98443522,27.98774159,0.0970738821304522
5681,49.98433824,27.98749656,0.142828814085994
5685,49.98424111,27.98725264,0.07512385290232158
5688,49.98414995,27.98702534,0.14232343063718858
5692,49.98404581,27.98676634,0.149346688659815
5695,49.98394867,27.98652235,0.10252835399960171
5699,49.98385834,27.98629385,0.07121512172300042
5702,49.9837554,27.98603121,0.2265951552229994
5706,49.98365957,27.98578812,0.34171066320069304
5709,49.98356783,27.98555772,0.7200614161971775
5713,49.98348035,27.98533235,0.22533400300698653
5716,49.98339861,27.98511065,0.07646514790393209
5720,49.9833222,27.98489172,0.27774192143709225
5723,49.98324378,27.98468171,0.27476427465554293
5727,49.98316526,27.98449455,0.19674599780611665
5730,49.98307538,27.98428731,0.2829475660569652
5734,49.98299136,27.98408832,0.23965399829829795
5737,49.98290901,27.98388639,0.3757751563036459
5741,49.98282568,27.98368044,0.3399020445175376
5744,49.98274743,27.98348269,0.3388864270595418
5748,49.98265704,27.98325294,0.43959711092120635
5751,49.98256841,27.98302893,0.35173322986544553
5755,49.98248141,27.98281393,0.7424769353928032
5758,49.9823764,27.98256169,1.0874997424076491
5762,49.98226168,27.98229469,2.0205188324299947
5765,49.98213631,27.98199911,1.6317741323141268
5769,49.98199782,27.98166564,1.2174511662681493
5772,49.98185283,27.98130324,1.4136684856030357
5776,49.98170352,27.98090829,1.113882695685694
5779,49.98155127,27.98048787,1.4510823318788426
5783,49.98139567,27.98006865,0.9542290855890007
5786,49.98120835,27.97958432,1.1031033373832884
5790,49.98102112,27.9791105,0.4309714549798595
5793,49.98082992,27.97862737,0.6304194126117065
5797,49.98063824,27.97814446,0.42697669367634183
5800,49.98045461,27.97767853,0.26508193102444344
5804,49.98024725,27.97715507,0.3853652080696494
5807,49.98004732,27.97665711,0.27934734953729634
5811,49.97986037,27.97618796,0.25640805591662014
5814,49.97964668,27.97565351,0.4611635194554771
5818,49.97944584,27.97515104,0.20045209809454104
5821,49.97924695,27.97465171,0.31445831408461894
5825,49.97905142,27.97416084,0.6416301731924884
5828,49.97885652,27.97366924,0.20345316269946334
5832,49.97866267,27.97318078,0.22480484804983913
5835,49.97847114,27.97269474,0.43501185056340624
5839,49.9782915,27.97224456,0.6230267843017913
5842,49.9780907,27.97173911,0.41566615197485957
5846,49.97790085,27.97126202,0.699440346975771
5849,49.97771228,27.97078505,0.12365824199422853
5853,49.97752501,27.97030964,0.33940915434642466
5856,49.97734982,27.96986571,0.18631202394279545
5860,49.9771533,27.96936796,0.9747195047586015
5863,49.97696728,27.96889717,0.19547989377275704
5867,49.97679304,27.96845821,0.27575475816107037
5870,49.9765939,27.96796059,0.17977553883477584
5874,49.97640739,27.96749258,0.31158253257012947
5877,49.97622238,27.96702708,0.5167442986856394
5880,49.97604004,27.96656973,0.28551196957390246
5884,49.97585796,27.96611079,0.25004532807495156
5887,49.9756774,27.96565576,0.45206552996292465
5891,49.97549781,27.96520776,0.3050237503827392
5894,49.97533197,27.96479267,0.45424733742071804
5898,49.97514775,27.96433074,0.1367408922683261
5901,49.97497588,27.96389937,0.4159462627400778
5905,49.97480838,27.96347397,0.5480530163549666
5908,49.9746436,27.96305521,0.415072409353291
5912,49.97449126,27.96266967,0.37037456765714444
5915,49.97432022,27.96223675,0.4384087696948429
5919,49.97416206,27.96183493,0.18048885372662024
5922,49.97401678,27.96146316,0.42259902003023303
5926,49.97385465,27.96105034,0.5128916170732211
5929,49.97370358,27.96066712,0.5173980719529564
5933,49.97355639,27.96028646,0.6889112684308625
5936,49.97341397,27.95990655,0.1737431805816586
5940,49.97327911,27.9595252,0.12487804948606263
5943,49.97315505,27.95914376,0.0564588104154843
5947,49.97304003,27.95875276,0.39742827944214076
5950,49.97294249,27.95838083,0.15905207024908782
5954,49.97284556,27.95795056,0.2232611371140285
5957,49.97276855,27.95753925,0.18627337173271022
5961,49.97270362,27.95712496,0.6080901488452256
5964,49.97264601,27.95670007,0.42403925582658897
5968,49.97259506,27.95629684,0.17822819039562093
5971,49.97253976,27.9558312,0.48085188980491095
5975,49.97248981,27.95538866,0.1437723685625042
5978,49.97244595,27.95497298,0.4007422418813752
5982,49.97239575,27.95448852,0.18760870286106435
5985,49.97234837,27.95402762,0.1683986235686623
5989,49.97230009,27.95356127,0.4539014949622725
5992,49.97224975,27.95309098,0.3267431000172189
5996,49.97219875,27.95261665,0.31160984054219354
5999,49.97214858,27.95213987,0.33800307890693426
6003,49.97210016,27.95166447,0.47388162857834887
6006,49.97205254,27.95119536,0.4466013822440011
6010,49.9720017,27.95070035,0.13556594985602619
6013,49.97195144,27.95021686,0.25024062762491533
6017,49.97190505,27.94976408,0.1308486262779827
6020,49.97185127,27.94925501,0.15548688083141976
6024,49.97180386,27.94880127,0.30345696384483895
6027,49.97174965,27.94828174,0.36767849299768174
6031,49.97169834,27.94778907,0.546410011823658
6034,49.97165121,27.9473297,0.2226276795809325
6038,49.97159549,27.94679227,0.4599002163654199
6041,49.97154295,27.94629242,0.47380869132817155
6045,49.97148902,27.94578538,0.25094915396857165
6048,49.97143582,27.94527453,0.23962819688991102
6052,49.97138217,27.94475904,0.11295927936514305
6055,49.97132843,27.94424389,0.5253697762984646
6059,49.97127445,27.94372347,0.7198634483590844
6062,49.97122157,27.9432089,0.9149002715626647
6066,49.9711672,27.94268335,0.2957828735090094
6069,49.97111244,27.94215483,0.2951374447587996
6073,49.97105788,27.94162509,0.24843410187613066
6076,49.9710045,27.94109124,0.6449024142640877
6080,49.97095256,27.94059065,0.3002599519766965
6083,49.97089223,27.94002002,0.7936001270169059
6087,49.9708358,27.93948193,0.46700846673361707
6090,49.97078298,27.93897598,0.3157606083383325
6094,49.97072355,27.93840885,0.444675843255929
6097,49.97066771,27.93786477,0.4347665830369956
6101,49.97061187,27.93731797,0.299490548681973
6104,49.97055589,27.93677116,0.44601203907009496
6108,49.97049887,27.93622176,0.47949315581548674
6111,49.97044227,27.93567024,0.33224506311585567
6115,49.97038523,27.93512305,0.17326584165132614
6118,49.97032742,27.93456839,0.12511978109821192
6122,49.97026837,27.93401183,0.17098150573179005
6125,49.97020905,27.933454,0.16902371488210158
6129,49.97014978,27.93289455,0.35060749816803727
6132,49.97009072,27.93233727,0.6837764497360085
6136,49.9700356,27.93180975,0.2579828336109531
6139,49.96997261,27.93120712,0.10694848600893576
6143,49.96991377,27.93064102,0.40164431549028706
6146,49.96985434,27.93007237,0.18381064300764124
6150,49.96979599,27.92950999,0.23047545648700385
6153,49.96973659,27.92894091,0.24169811008298545
6156,49.96967808,27.92837139,0.250010274106684
6160,49.96961974,27.92780133,0.1066819349737523
6164,49.96956064,27.92723003,0.33938088295240104
6167,49.96950143,27.9266634,0.529948957368934
6170,49.96944114,27.92609092,0.31307383682126955
6174,49.96938088,27.92551728,0.09835908552456085
6177,49.96932062,27.92494269,0.2964968104260558
6181,49.9692606,27.92436773,0.12129716199757741
6184,49.96920166,27.92379817,0.583124941466179
6188,49.96914245,27.92322144,0.2872922518487251
6191,49.96908746,27.9226823,0.2516065087541992
6195,49.96902427,27.92206855,0.2032686329483577
6198,49.96896435,27.92149275,0.4244094750481237
6202,49.96890524,27.92092225,0.20960505166941024
6205,49.96884445,27.92034619,0.2709273235881952
6209,49.96878368,27.91977003,0.0990522403866341
6212,49.96872332,27.91919442,0.425422245123415
6216,49.96866278,27.9186189,0.1508249459224259
6219,49.96860272,27.9180445,0.507782643636083
6223,49.96854386,27.9174755,0.1108295281084597
6226,49.96848429,27.91690263,0.4443171518489908
6230,49.96842439,27.91632933,0.31588020304924064
6233,49.96836402,27.91575649,0.48309183522967536
6237,49.96830478,27.91518389,0.3934754756060723
6240,49.9682462,27.91461227,0.4878586586422384
6244,49.96818851,27.91404545,0.30400347655292964
6247,49.9681335,27.91350958,0.23895364326196475
6251,49.96807164,27.91290141,0.39345297758936876
6254,49.96801222,27.91233035,0.33108149739919407
6258,49.96795254,27.91176046,0.1968680283003111
6261,49.96789367,27.91119811,0.22029103956039595
6265,49.96783606,27.91063134,0.5285500265187358
6268,49.96777892,27.91006551,0.4297554395944404
6272,49.96772086,27.90950194,0.4273792354129568
6275,49.96766242,27.90894122,0.48381028336781257
6279,49.96760257,27.90838251,0.2828026710823967
6282,49.96754449,27.90783019,0.36516682372485965
6286,49.96748551,27.90727529,0.42413703075226644
6289,49.96742839,27.90672112,0.2765615321634137
6293,49.96737325,27.90616849,0.2266215203697784
6296,49.96732036,27.90564536,0.2758759309612188
6300,49.96726117,27.90507221,0.30141312998015296
6303,49.96720874,27.90455827,0.36618514465732693
6307,49.96714841,27.90397629,0.5927765794639228
6310,49.96709132,27.90342927,0.10508516369227275
6314,49.96703373,27.90288279,0.11474699480003811
6317,49.96697625,27.90233598,0.20175862579645265
6321,49.96691973,27.90179344,0.18814895980596774
6324,49.96686257,27.901245,0.6292272288241889
6328,49.96680629,27.90069504,0.24641906758136906
6331,49.96674624,27.90011548,0.302440546026511
6335,49.96669362,27.89959972,0.07159474673987835
6338,49.96663705,27.89904877,0.3428272970826433
6342,49.9665796,27.89850324,0.3275050727226528
6345,49.96652108,27.89794798,0.4632058956102746
6349,49.96646453,27.89740261,0.8067749617535093
6352,49.96640706,27.89685204,0.6356198599214372
6356,49.96634916,27.89630315,0.3715231857293242
6359,49.96629167,27.89576058,0.508325252751299
6363,49.96623469,27.89521264,0.15073174559696115
6366,49.96617905,27.89466531,0.24389228594353662
6370,49.96612219,27.89411959,0.21681016473370043
6373,49.96606233,27.89357369,0.40461481378158765
6377,49.9659905,27.89303089,0.7151842939531765
6380,49.96590614,27.89249623,0.8722038555785296
6384,49.96580755,27.89195606,0.6023883876189283
6387,49.96569563,27.89138591,0.12891845873975769
6391,49.96559441,27.89088244,0.22458737943747906
6394,49.9654852,27.89034491,0.23188775998832525
6398,49.96537653,27.88980867,0.39011607248501473
6401,49.96526687,27.88926674,0.16212474699654378
6405,49.96515644,27.88872345,0.46234406294710967
6408,49.96504592,27.888179,0.3084479195370397
6412,49.96493501,27.88763348,0.49577192788671454
6415,49.96483045,27.88712215,0.1753177414412839
6419,49.96471142,27.88654146,0.12972326876096565
6422,49.96459967,27.88599532,0.2676868591504963
6426,49.96448929,27.88545592,0.2057737660206839
6429,49.96437832,27.88491165,0.21415857571621352
6433,49.9642678,27.88437041,0.1307060703733053
6436,49.96415735,27.88383142,0.329804142168984
6439,49.96404876,27.88329435,0.2667019231104267
6443,49.96393549,27.88272986,0.28306511393718614
6446,49.96383469,27.88223034,0.3759976998745097
6450,49.9637275,27.8816972,0.3287319089126953
6453,49.96362156,27.88116948,0.40044399520020607
6457,49.9635145,27.88063721,0.2647826443181426
6460,49.96340737,27.88010435,0.24733717979819253
6464,49.9632997,27.87957135,0.4423666803579958
6467,49.96318821,27.87903601,0.16507010875999023
6471,49.96308612,27.87853617,0.6117463309397112
6474,49.9629708,27.87797431,0.438591092365694
6478,49.96286198,27.87744341,0.34001269586430954
6481,49.96275339,27.87691273,0.5146639660246467
6485,49.96264502,27.87638288,0.11149787968295351
6488,49.96253708,27.87585439,0.20473924330560947
6492,49.96243034,27.87533275,0.4133880578476277
6495,49.96232232,27.87480638,0.2552001521269414
6499,49.96221417,27.87427575,0.3676071455907344
6502,49.96210814,27.87375658,0.10048744894905218
6506,49.96200014,27.87322643,0.19056445526605842
6509,49.96189548,27.87271085,0.21008825585694352
6513,49.9617912,27.87219415,0.40870048290921596
6516,49.96168628,27.87167332,0.13539629354383126
6520,49.96158354,27.87115317,0.45429535236154955
6523,49.96147967,27.87063497,0.2415290982007144
6527,49.96138093,27.87015042,0.4820565252279645
6530,49.96126903,27.86960159,0.18528000478360962
6534,49.96116488,27.86909182,0.23002167490694428
6537,49.96105963,27.86857802,0.26645167663200126
6541,49.9609544,27.86806409,0.30792432918034884
6544,49.96084925,27.86755097,0.36037535175056395
6548,49.96074449,27.86703664,0.21073558807411114
6551,49.96064107,27.86652767,0.18995151440004535
6555,49.96052944,27.86598245,0.3259587107609437
6558,49.96043202,27.86550114,0.3813434614536971
6562,49.96032813,27.86498708,0.28696421230190533
6565,49.96022374,27.86447171,0.577937879033544
6569,49.96011858,27.86395655,0.558914914959764
6572,49.96001467,27.86344504,0.4748005485683333
6576,49.95991046,27.86292804,0.33433937963830396
6579,49.95980713,27.86241128,0.2552273695399903
6583,49.95971045,27.86192913,0.2798019653993558
6586,49.95960086,27.86138046,0.2508216889615233
6590,49.95949772,27.86086628,0.49488935641875087
6593,49.95939326,27.86035324,0.3369629363429291
6597,49.95928855,27.85984535,0.2932027105924692
6600,49.95918201,27.85933277,0.3524722268062849
6604,49.95907676,27.85881929,0.16265168627297816
6607,49.95897118,27.85830687,0.2878030765695234
6611,49.9588612,27.85776524,0.18085449143107296
6614,49.95876274,27.85727998,0.6762592968186972
6618,49.95866068,27.85677058,0.19467553188262418
6621,49.9585568,27.8562564,1.079082585491812
6625,49.95845268,27.85574038,0.2693555055023781
6628,49.9583461,27.8552236,0.4951904620191657
6632,49.95824004,27.8547051,0.26345416077735095
6635,49.95813377,27.85419147,0.13333984594501952
6639,49.95803478,27.85370485,0.08394103645730437
6642,49.95792325,27.85315129,0.1414573810512308
6646,49.95781807,27.85262843,0.6601707502035267
6649,49.95771348,27.85211009,0.2513925490603761
6653,49.95760814,27.8515878,1.0962607028837217
6656,49.95750407,27.85107013,1.0281342709078312
6660,49.95740161,27.85056495,1.0290911546847197
6663,49.95730336,27.85008067,1.2412110705175785
6667,49.95720539,27.84959768,1.085663641303528
6670,49.95712009,27.84918989,1.246655395497324
6674,49.95702606,27.84878618,0.8417385221133675
6677,49.95692208,27.84840042,0.8554157794871746
6681,49.95680629,27.84803832,0.608939532279848
6684,49.95667827,27.84769652,0.5121598668885947
6688,49.9565426,27.84736985,0.5026242661300883
6691,49.95640084,27.84706186,0.9538839168519465
6695,49.95625929,27.84679362,0.24727455232584017
6698,49.95608281,27.84651913,0.31479417240610214
6702,49.95590378,27.84629,0.29094248115504506
6705,49.9557185,27.84608099,0.22401105016435494
6708,49.95553237,27.845882,0.47092399425071496
6712,49.9553497,27.84569051,0.3057937430729719
6715,49.9551664,27.84549493,0.24971703649798205
6719,49.95498991,27.84530677,0.19993900735379733
6723,49.95481409,27.84511571,0.31102768442239187
6726,49.95464271,27.84491957,0.09092345287912271
6729,49.95447394,27.84472614,0.1653782322998255
6733,49.95430371,27.8445468,0.15140906571731574
6736,49.95412905,27.84437131,0.3227900708292175
6740,49.95395511,27.84419395,0.04515963782197954
6743,49.95378339,27.8440141,0.3079913758307734
6747,49.95360778,27.84382726,0.21634593787541953
6750,49.95344349,27.84364983,1.1833660607454541
6754,49.95325625,27.84344593,0.1674322302396197
6757,49.9530765,27.84324903,0.12922918918507542
6761,49.95289503,27.84304889,0.1803682282602075
6764,49.95271108,27.8428473,0.195789539909753
6768,49.95252543,27.8426446,0.10661249977635624
6771,49.95233883,27.84244092,0.2514476984213859
6775,49.95215255,27.84223785,0.2971779165422469
6778,49.95196065,27.84203041,0.2400855769650757
6782,49.95177063,27.84182841,0.20274232214520593
6785,49.95157635,27.8416264,0.19508585554888877
6789,49.95139279,27.84143927,0.26811798395996095
6792,49.95118444,27.84122817,0.1718948468821675
6796,49.95098942,27.8410311,0.5715897078646753
6799,49.95079812,27.84083993,0.5113682130373486
6803,49.95060559,27.84065339,0.5974975522260182
6806,49.95042604,27.84048285,0.37293452014492784
6810,49.95022444,27.84029007,0.0589541963634072
6813,49.95004006,27.8401056,0.11283274571705655
6817,49.94986032,27.83992113,0.23531545581086039
6820,49.94968351,27.83973439,0.19969942432183857
6824,49.94951317,27.83954305,0.23557151541896953
6827,49.94935363,27.8393405,0.2015626268506844
6831,49.94920997,27.83912277,0.20912076870632312
6834,49.94908296,27.83888179,0.119095860459262
6838,49.94897743,27.83862909,0.04022052000229974
6841,49.94888548,27.8383664,0.10090078291486679
6845,49.9488098,27.83811461,0.14022660770389744
6848,49.94873141,27.83782219,0.16014934605054768
6852,49.94866526,27.83754077,0.3620075340710477
6855,49.94860844,27.83725661,0.09452311735044565
6859,49.94856018,27.83696799,0.20118739995989868
6862,49.94852153,27.83669895,0.24104545943096373
6866,49.94847986,27.83639402,0.14761135276394827
6869,49.94843864,27.83610872,0.17272056295498353
6873,49.94839995,27.83584138,0.07063870403375305
6876,49.94835808,27.83554182,0.10941404777346041
6880,49.94831914,27.83525874,0.23002074618229873
6883,49.94828104,27.8349779,0.10674301413829945
6887,49.94824258,27.83470008,0.06330385320310014
6890,49.94820333,27.8344234,0.1948475283158361
6894,49.94816348,27.83414661,0.29406015470352115
6897,49.9481209,27.83386182,0.4275179311458103
6901,49.94807785,27.83358458,0.7604694878539465
6904,49.94802301,27.83325495,0.5464279019594888
6908,49.94796234,27.83292935,0.7248339090702435
6911,49.94789393,27.83258754,0.716426337356802
6915,49.94782129,27.83223315,0.7475869977298206
6918,49.9477525,27.83188259,0.7431770121784051
6922,49.94767414,27.8314673,0.753562243694052
6925,49.94760222,27.83106033,0.6855489176839683
6929,49.94753348,27.83064398,0.4970943705901016
6932,49.94746427,27.83020871,0.5589701327277761
6936,49.94739152,27.82976373,0.9495890170773864
6939,49.94731424,27.82930785,0.6545224645796822
6943,49.94723315,27.82884381,0.42997623759798687
6946,49.94714915,27.82837069,0.6913257518646602
6950,49.94706218,27.8278879,0.350185677351431
6953,49.94697676,27.82740057,0.5750746583792392
6957,49.94689467,27.82693202,0.40810932519903403
6960,49.94679825,27.82639109,0.27901192573465183
6964,49.94670573,27.82587396,0.07209141014784494
6967,49.94661252,27.82535439,0.23063709611945837
6971,49.94651932,27.82484116,0.3303292789577579
6974,49.94643089,27.82436158,0.12880741399434179
6978,49.94633056,27.82382596,0.7248167209443337
6981,49.94623731,27.82333094,0.19539053862293143
6985,49.94615155,27.82287156,0.2015104899836455
6988,49.94605658,27.82235376,0.1692029458403325
6992,49.94597132,27.8218788,0.46780333440592126
6995,49.94588651,27.82140659,0.4558583523557884
6999,49.94580417,27.82094771,0.5139175346450956
7002,49.94572489,27.8205076,0.5746912515949771
7005,49.94564762,27.82007919,0.29860248947121704
7009,49.9455732,27.81966394,0.3720337419794966
7013,49.94550281,27.81927841,0.30034419070883883
7016,49.9454246,27.818847,0.13100505087997733
7019,49.94535203,27.81844791,0.4400915037463837
7023,49.94528113,27.81805651,0.31093592064748116
7026,49.94521219,27.81767134,0.15683861577202995
7030,49.9451483,27.81730863,0.24430132560600415
7033,49.94507643,27.81689531,0.47777100770731595
7037,49.94500935,27.81650619,0.368629839724987
7040,49.9449419,27.81611906,0.0904519099420511
7044,49.94487262,27.81572307,0.11948914245420621
7047,49.94480321,27.81533283,0.23081574880833464
7051,49.94473221,27.81493713,0.11355390914773994
7054,49.9446595,27.8145379,0.21657874662536367
7058,49.9445866,27.81413497,0.2569450894406012
7061,49.94451326,27.81373829,0.18788517572564264
7065,49.94443977,27.81334139,0.14682283134859786
7068,49.94437069,27.81297265,0.09338397127410168
7072,49.94429039,27.81255321,0.2515285554406965
7075,49.94421391,27.81215669,0.346377945295675
7079,49.94413943,27.81176184,0.4160979876137134
7082,49.94406549,27.81136069,0.15917403896018792
7086,49.94399695,27.8109828,0.3758620815501467
7089,49.9439186,27.81055014,0.21576278951149927
7093,49.94384434,27.81014436,0.3792834470510019
7096,49.94377514,27.80976472,0.1382605777824352
7100,49.94369618,27.80933241,0.24420557350698777
7103,49.94362253,27.80892856,0.2770282559317124
7107,49.94354798,27.80851953,0.16552581830002838
7110,49.94347122,27.80810839,0.17419779391083892
7114,49.94338807,27.80769147,1.1398946398292251
7117,49.94330248,27.80726071,0.8974101727304922
7121,49.94321292,27.80680537,0.8372500073574861
7124,49.94312873,27.80636082,0.5793438541968648
7128,49.94303195,27.80583665,0.7935925816521492
7131,49.94293993,27.8053251,0.3765824150887557
7135,49.94285501,27.80482756,0.7472822198579863
7138,49.94276079,27.80425373,0.5210447995183174
7142,49.94267778,27.80372445,0.21525472328760786
7145,49.9425802,27.80313253,0.4035158236044597
7149,49.94248084,27.80257259,0.6562320212660014
7152,49.94238546,27.80205353,0.549022952133426
7156,49.94227913,27.80147356,0.7338299650627887
7159,49.94218088,27.80094513,0.5428132421898406
7163,49.94209006,27.80044902,0.2532205428812301
7166,49.94199215,27.79990954,0.6505411261890698
7170,49.94190293,27.79941517,0.5963634885523231
7173,49.94181652,27.79893664,0.7264759399841865
7177,49.94173317,27.79847979,0.4853437222673654
7180,49.94165768,27.79806707,1.0417863803193268
7184,49.9415756,27.79762183,0.763825919298685
7187,49.94150344,27.7972272,0.7966041006236035
7191,49.94143993,27.79685334,0.7852939102694044
7194,49.9413782,27.79649136,0.37063986797133425
7198,49.94132061,27.79616566,0.3518945376396869
7201,49.94125246,27.79579937,0.32040074745647795
7205,49.94118759,27.79546335,0.44446864372837686
7208,49.94112708,27.79515605,0.17669137865442808
7212,49.94105981,27.79481163,0.3279294811047107
7215,49.94100129,27.79449346,0.17936816027151417
7219,49.94094257,27.79417526,0.1110363355483574
7222,49.94088491,27.79385789,0.07820029222806438
7226,49.94082809,27.793543,0.2279012785274427
7229,49.94077277,27.79323174,0.07650103144858628
7233,49.94071752,27.79292556,0.5443800704918493
7236,49.94066757,27.79265171,0.8344676172868939
7240,49.94061581,27.79236056,0.8737666107744552
7243,49.94057667,27.79210461,0.43863448805177946
7247,49.94054716,27.79186144,0.26056832356529436
7250,49.94051867,27.7916268,0.3220999724643911
7254,49.9404763,27.79142234,0.40280828142370345
7257,49.94042338,27.79118932,0.4468456666382119
7261,49.940381,27.79095334,0.3390864517631058
7264,49.94033915,27.79072771,0.3830565498522243
7268,49.9402913,27.79046274,0.23552047593982064
7271,49.94024472,27.79020593,0.41015791887335806
7275,49.9402003,27.78995884,0.25379990081117015
7278,49.94014841,27.78967173,0.28491512842020483
7282,49.94009778,27.78939794,0.22541103147610964
7285,49.94004503,27.78911532,0.12395676384823368
7288,49.93998916,27.78882504,0.27019233940269616
7292,49.93993628,27.7885476,0.22439184469325726
7295,49.9398768,27.78822633,0.14173456478766527
7299,49.93982111,27.78792329,0.1947198725751966
7302,49.93976665,27.78761343,0.0694984994708443
7306,49.93971386,27.78730213,0.07268138776028779
7309,49.93966382,27.7870103,0.13352306452014448
7313,49.93960613,27.78668076,0.18464647427750078
7316,49.93955084,27.78637657,0.1555450002192458
7320,49.93949763,27.78609319,0.2014578396715401
7323,49.93943605,27.78577416,0.45626445582736336
7327,49.93937615,27.78547811,0.4944209880584968
7330,49.93931685,27.78518726,0.2529279822472058
7334,49.93925953,27.7848961,0.22224122789653694
7337,49.93920374,27.78460729,0.14485773234088814
7341,49.93914909,27.78432088,0.289928663662355
7344,49.93909485,27.78403474,0.3329051278182679
7348,49.93904487,27.78377104,0.207910996011955
7351,49.938989,27.78347085,0.22087452553509432
7355,49.9389285,27.78319411,0.22752501092445626
7358,49.93885286,27.7829334,0.2675371842898033
7362,49.93875653,27.78269104,0.10482760115216427
7365,49.93864817,27.78249071,0.16194841975888552
7369,49.93850719,27.78229341,0.16175781135202086
7372,49.9383629,27.78212774,0.356228940087501
7376,49.93822204,27.78198433,0.1499796688648423
7379,49.93806074,27.78181937,0.059229733666750356
7383,49.93791936,27.78165091,0.128850317335622
7386,49.93780178,27.7814735,0.11218669201004734
7390,49.93768563,27.78124093,0.14761563129300784
7393,49.93759989,27.78100258,0.0627013178647984
7397,49.93754173,27.780772,0.253981290959077
7400,49.93748458,27.78051749,0.35979526432854053
7404,49.93743061,27.78027399,0.04372723934027602
7407,49.93736103,27.77999327,0.1269258906899121
7411,49.93728578,27.77972769,0.2015403422715241
7414,49.93720014,27.77946464,0.2105433832753502
7418,49.93710056,27.77920254,0.293062277329177
7421,49.93699474,27.77896287,0.34616609271996934
7425,49.93686189,27.77869592,0.2535470878107199
7428,49.9367284,27.77845242,0.18687575017435573
7432,49.93659856,27.77823224,0.30410896539667537
7435,49.93644493,27.77798165,0.1796742001938216
7439,49.93629841,27.77774752,0.6027628116398425
7442,49.93616058,27.77752879,0.35904752021848296
7446,49.93600505,27.77728028,0.3940159439623397
7449,49.93586059,27.77704803,0.10560539717311791
7453,49.93571866,27.77682042,0.24656710993423556
7456,49.9355777,27.77659396,0.09488759424836336
7460,49.93544839,27.77638994,0.34763938977901937
7463,49.93530886,27.77616549,0.5483858154684793
7467,49.93518712,27.77597025,0.2708548723089154
7470,49.93505872,27.77579733,0.2666890467485369
7474,49.93492286,27.77565147,0.24661240328765216
7477,49.93478664,27.77554127,0.14169435531317048
7481,49.93462113,27.77544191,0.10447204581451602
7484,49.93445998,27.77537512,0.14786397336629042
7488,49.9343014,27.77533096,0.08982709486916866
7491,49.93411686,27.77529117,0.3423711972917218
7495,49.93394098,27.77525206,0.1534544445939218
7498,49.93376462,27.77519863,0.30825402459968004
7502,49.93359016,27.77512373,0.1075439490079195
7505,49.93342445,27.77502941,0.7923432635545038
7509,49.93327444,27.77492708,0.32854088572096535
7512,49.93313224,27.77482465,0.06843690604850443
7516,49.93300434,27.7747266,0.10955299698418498
7519,49.93286382,27.77460054,0.17952401810016985
7523,49.9327341,27.77448027,0.20990471904594096
7526,49.93259822,27.77436258,0.20376325465714792
7530,49.93245911,27.77424677,0.14962606066393888
7533,49.93232763,27.7741374,0.1928828620795975
7537,49.93217668,27.77401247,0.0772202049303288
7540,49.9320324,27.77389431,0.2466027045523599
7544,49.9318961,27.7737825,0.2162386840083742
7547,49.93173984,27.77365709,0.3140471304945367
7551,49.93158902,27.77354157,0.05337477590725259
7554,49.93144385,27.77343834,0.17370199482337875
7558,49.93127622,27.77332785,0.16425401091026784
7561,49.93111482,27.77322918,0.11105042998237084
7565,49.93094919,27.77313332,0.15341076934770853
7568,49.93078119,27.77303876,0.09415844333672484
7572,49.93061997,27.77294909,0.1081420277820828
7575,49.93043476,27.77284561,0.1553964061617027
7578,49.93026033,27.77274945,0.20750492298211018
7582,49.93008819,27.77265386,0.2664444954384117
7585,49.92991635,27.77254891,0.3032195929080007
7589,49.92976268,27.77243911,0.22079487236930956
7593,49.92959511,27.77229431,0.12510284500747731
7596,49.9294469,27.77213625,0.29322570084365684
7599,49.92931721,27.77197519,0.18288389375855996
7603,49.92917168,27.77177908,0.2603761508916881
7606,49.9290337,27.77158776,0.08995148764584239
7610,49.92889583,27.77139306,0.1575313537671554
7613,49.92875551,27.77119427,0.16180216995403376
7617,49.92861487,27.77099397,0.05103316743034355
7620,49.92847361,27.77079543,0.07214436253483765
7624,49.92833059,27.77059478,0.06620004599170241
7627,49.92819675,27.77040623,0.08750025339842238
7631,49.92804714,27.77018779,0.17153255912661866
7634,49.92791057,27.76997833,0.3873564550899656
7638,49.92778241,27.76976778,0.7815778128185283
7641,49.92766529,27.76956298,1.1180809871328363
7645,49.92756952,27.76938192,1.1438174262837892
7648,49.92747332,27.76919417,1.524362726553717
7652,49.92739493,27.76904096,1.3495497996172279
7655,49.9273327,27.76891762,1.5267167479960362
7659,49.92727512,27.76880214,1.204379936323407
7662,49.92723362,27.7687186,1.5590146161789245
7666,49.92720665,27.76866156,1.5002337971683466
7669,49.92718944,27.76862775,0.6275370046396559
7673,49.92717619,27.76860338,0.3855709973515365
7676,49.92716271,27.76857758,0.6794462013470051
7680,49.9271477,27.76854309,0.576342603909519
7683,49.92713306,27.76851095,0.2269423915073409
7687,49.92711494,27.76846956,0.13440953128589153
7690,49.92709732,27.76843006,0.2209076506143444
7694,49.92707881,27.76838924,0.4154794433737303
7697,49.92705434,27.76833461,0.18950287878902305
7701,49.92703013,27.76827178,0.27652128698087497
7704,49.92700677,27.76819292,0.32927985943027566
7708,49.9269913,27.76810331,0.2042910579493414
7711,49.92699091,27.76801636,0.10036893633337714
7715,49.92700925,27.76791714,0.45926274165182884
7718,49.92704337,27.76782474,0.2301240839673543
7722,49.9270857,27.76772544,0.24749283937393682
7725,49.92713441,27.76761457,0.475998793292806
7729,49.92718947,27.76749237,0.37259832478305255
7732,49.92725005,27.76735796,0.5010338927977585
7736,49.92731644,27.7672086,0.3247831860959299
7739,49.92738338,27.7670593,0.40102329094809547
7743,49.92746585,27.76687656,0.1946537093621562
7746,49.92754912,27.76669362,0.5468729916967869
7750,49.92763087,27.76651309,0.571646774254102
7753,49.9277273,27.76629835,0.33905184322301263
7757,49.92781625,27.7661027,0.14938604931892738
7760,49.92791888,27.76587839,0.37838006805097263
7764,49.92801821,27.76566011,0.4526834212755025
7767,49.92811322,27.7654547,0.44170152348975117
7771,49.92822275,27.76521726,0.8901106784799823
7774,49.92832689,27.76499329,0.5395501820127906
7778,49.92842436,27.76478019,0.22456641687200912
7781,49.92853724,27.7645334,0.20571111791102986
7785,49.92864238,27.76429851,0.8505211539210028
7788,49.92875046,27.76405947,0.6595712956862675
7792,49.92886038,27.76381967,0.41631247002216487
7795,49.9289642,27.7635937,0.2840586120222427
7799,49.92908391,27.76333555,0.795900788944021
7802,49.92919473,27.76309269,1.046884678485978
7806,49.9293005,27.76286185,0.8141966759035099
7809,49.92942022,27.7625985,0.7156792286643447
7813,49.92952511,27.76236914,0.5185668213592466
7816,49.92964236,27.76211118,0.8686506734307213
7820,49.92975187,27.76187368,1.0690685625058374
7823,49.92985036,27.76165737,1.1604839005311356
7827,49.92995954,27.76140998,0.27304588046131045
7830,49.93005545,27.76117609,0.21045550491681037
7834,49.93013883,27.76095351,0.4782671704908924
7837,49.93022521,27.76069527,0.3762846124678366
7841,49.93029511,27.76044861,0.2689680072676653
7844,49.93035428,27.76019437,0.5442311383271538
7848,49.93040499,27.75993705,0.629835106094424
7851,49.93044383,27.75969267,0.34187009312394046
7854,49.93047932,27.75941117,0.6252986241156526
7858,49.93050223,27.75914533,0.31853615253340106
7861,49.93051538,27.75889652,0.2511942957775337
7865,49.93051999,27.75860772,0.41754452263650826
7869,49.9305162,27.75834999,0.4476177798602656
7872,49.93050229,27.75805463,0.2716339299196946
7875,49.9304778,27.75777612,0.14225674964641977
7879,49.93044876,27.75751893,0.2699906118283158
7882,49.93040495,27.757225,0.1601986044077073
7886,49.93036654,27.75694661,0.6041846106059866
7889,49.9303346,27.75670634,1.423738734528999
7893,49.9303033,27.75646839,1.1680946206565648
7896,49.93028114,27.75627906,0.5133296087295549
7900,49.93025238,27.7561004,0.6632290057825561
7903,49.93022247,27.75591473,0.5409057544664059
7907,49.93019524,27.75573153,0.6945308436628012
7910,49.93016149,27.75551444,0.3522751170938748
7914,49.93012761,27.75529996,0.5876335416839084
7917,49.93009643,27.75509196,0.38091907579429407
7921,49.9300613,27.7548484,0.2846773445099988
7924,49.93003041,27.75462605,0.42118495297300534
7928,49.9299942,27.75436712,0.10350105473790976
7931,49.92995797,27.75411932,0.32413718624717985
7935,49.92992401,27.75387982,0.14625146364082875
7938,49.9298844,27.75360203,0.3916258488414011
7942,49.92984502,27.7533384,0.44759163027654314
7945,49.92980889,27.75308987,0.09898470439052401
7949,49.92977067,27.75280918,0.2991054283826648
7952,49.92973447,27.75254406,0.3813333094617542
7956,49.92970085,27.75228592,0.3294551066758856
7959,49.92966951,27.75202893,0.45395177827258837
7963,49.92963948,27.7517935,0.3742085182675785
7966,49.92960834,27.75152976,0.13149959588690674
7970,49.92958296,27.75128622,0.5200737247483118
7973,49.92956213,27.75106291,0.41586009552361586
7977,49.92954256,27.75081375,0.2694452312145755
7980,49.9295304,27.75060047,1.1535475905526262
7984,49.92951806,27.75036314,0.9859226582961212
7987,49.92950806,27.75014579,0.6895883969923501
7991,49.92949939,27.74994811,0.5926442893968313
7994,49.92949142,27.74973194,0.8351748795259326
7998,49.9294895,27.74953752,0.6093143190803361
8001,49.92949386,27.74936357,0.3627032799309988
8005,49.92950123,27.74917347,0.15945144892354574
8008,49.92950789,27.74900267,0.26036151667298973
8012,49.92951494,27.74883477,0.1855762149854854
8015,49.92952022,27.74866919,0.36367134692571523
8019,49.92952433,27.74851092,0.15564473907018034
8022,49.9295304,27.74832437,0.297006167089245
8026,49.92953636,27.74814122,0.1388868735813866
8029,49.92954377,27.74795441,0.10928967279499861
8033,49.92955117,27.74776761,0.05509403532268478
8036,49.92955686,27.7475938,0.12539145013708006
8040,49.92956372,27.74739875,0.07700076318722661
8043,49.92957016,27.74721777,0.14495092124113698
8047,49.92957692,27.74705025,0.2942963979274692
8050,49.92958436,27.74686245,0.33187592795036075
8054,49.92959141,27.74668651,0.14839198055152403
8057,49.9295983,27.74651946,0.08682960577162284
8061,49.92960511,27.7463257,0.4774770538047964
8064,49.92961109,27.74613716,0.18860075638921464
8068,49.92961811,27.74594365,0.12915407170575205
8071,49.92962607,27.74574677,0.3371318325421699
8075,49.92963364,27.74556174,0.5007903804549085
8078,49.92964098,27.74535404,0.40869545543412106
8082,49.929647,27.74515735,0.6385717599337658
8085,49.92965397,27.74496131,0.36195233654353415
8089,49.92966217,27.7447727,0.8980664213404523
8092,49.92966812,27.74460422,0.33518345955737966
8096,49.92967563,27.74442545,0.6616882558735072
8099,49.92968208,27.74427062,0.4328081771798444
8103,49.92968462,27.74413539,0.7686577559235536
8106,49.92968596,27.74399629,0.5957175721733614
8110,49.92968595,27.74387669,0.48693044070046726
8113,49.92968991,27.74376403,0.09559412462147238
8117,49.9296959,27.74365066,0.3699660982528882
8120,49.92970216,27.74353261,0.3764548568925223
8124,49.92970655,27.74340304,0.6416330226082985
8127,49.92971341,27.74325702,0.8126305208634533
8131,49.92972049,27.74310688,0.4375242685277629
8134,49.92972701,27.74292449,0.7378436402679817
8137,49.92973379,27.7427423,0.524399059111904
8141,49.92974125,27.74255605,0.15768108538489306
8144,49.92974906,27.74236403,0.10240314386223832
8148,49.92975526,27.74218726,0.44090289310486036
8151,49.92976379,27.74199205,0.27590955411162416
8155,49.92977246,27.74181714,0.4846901931036178
8158,49.9297783,27.74165739,0.37507036712204395
8162,49.92978414,27.74148142,0.27056860156703044
8165,49.92978837,27.74131951,0.24338550340227816
8169,49.92979425,27.74116851,0.2229530511906346
8172,49.92980199,27.74099776,0.3022981688098926
8176,49.92980834,27.7408341,0.1422041302420625
8179,49.92981285,27.74066902,0.30146213393680554
8183,49.92981892,27.74049892,0.3531914858103163
8186,49.92982689,27.74033644,0.3323834330518233
8190,49.92983493,27.74014677,0.40375270900422405
8193,49.92984223,27.73996134,0.2495618491757784
8197,49.92984924,27.73977325,0.18390366902867186
8200,49.92985562,27.73958219,0.3285472137298313
8204,49.92986166,27.73940397,0.18986985525488567
8207,49.92986931,27.73920462,0.4361783909043673
8211,49.92987484,27.73902413,0.22494100884884066
8214,49.9298806,27.7388548,0.383793147579131
8218,49.92988752,27.73866852,0.44097372138907287
8221,49.92989503,27.73849234,0.3947616336342887
8225,49.92990354,27.73832828,0.33919971584594905
8228,49.92991626,27.73814274,0.19316521659211222
8232,49.92992197,27.73796969,0.40638527638352073
8235,49.92992901,27.73779409,0.2496748180347708
8239,49.92993663,27.73761958,0.4563997716640045
8242,49.92994331,27.73745687,0.20835188845640013
8246,49.92995014,27.73726984,0.40044635237219584
8249,49.92995783,27.73709661,0.5579968293197651
8253,49.92996781,27.7369227,0.3981551375640098
8256,49.92997529,27.73675127,0.2965139089799778
8260,49.92997816,27.73659262,0.2323096146685021
8263,49.92998286,27.73641605,0.3528907224328258
8267,49.92998948,27.73625428,0.18709757408126423
8270,49.92999525,27.73610538,0.298329774411007
8274,49.93000163,27.73593345,0.6743562771406227
8277,49.93000896,27.73576693,0.29248004429341706
8281,49.93001602,27.73560601,0.4164335926309917
8284,49.9300242,27.73541636,0.5682811629812268
8288,49.93003056,27.73523185,0.2887163258521747
8291,49.93003846,27.73504339,0.47911046815417163
8295,49.93004764,27.73484674,0.5335685310223106
8298,49.93005555,27.7346584,0.1797049739387613
8302,49.93006417,27.73444043,0.6285802852486045
8305,49.93007281,27.73423014,0.7084257805907186
8309,49.93008027,27.73402901,0.5051065066806795
8312,49.93008884,27.73379615,0.14265060284275172
8316,49.93009568,27.73359232,0.11660590651405797
8319,49.93010358,27.7333601,0.6593475061135686
8323,49.93011196,27.73314756,1.1998615671269706
8326,49.93011877,27.73295579,0.4228470857577988
8330,49.93012697,27.73274321,0.05426072531857135
8333,49.93013592,27.73255128,0.26059749271044036
8337,49.93014374,27.73237865,0.5807561393755312
8340,49.93015022,27.73218748,0.7063056668670769
8344,49.9301554,27.73201053,0.13720064486304875
8347,49.93016179,27.73183723,0.25804489510303824
8351,49.9301693,27.73166512,0.25620957401599626
8354,49.9301775,27.73150516,0.2171810551670653
8358,49.93018808,27.73132527,0.31139140158978085
8361,49.93019868,27.7311583,0.64837765739608
8365,49.93020529,27.73100243,0.09677770225973409
8368,49.93021127,27.73082569,0.21312101566902944
8372,49.93021435,27.73066613,0.20907228376595335
8375,49.93022164,27.73048111,0.23497537958741577
8379,49.93022948,27.73030408,0.1419972607199701
8382,49.9302363,27.73013725,0.13108943191832148
8386,49.93024206,27.72994663,0.19358988979195946
8389,49.93024816,27.72976591,0.2996130208359618
8393,49.93025225,27.72959518,0.13880584138875726
8396,49.93025728,27.72940253,0.10018582872727712
8400,49.9302635,27.72922046,0.08216465270922178
8403,49.93027127,27.72903883,0.16229037050553308
8407,49.93027924,27.72885694,0.21091774238547023
8410,49.93028684,27.72868446,0.09308824777451963
8413,49.93029585,27.72848511,0.32787848262600466
8417,49.93030429,27.72829594,0.18198290020858063
8420,49.93031201,27.72812257,0.381194940360235
8424,49.93031994,27.72794051,1.0708281048100274
8427,49.93032506,27.72779991,0.4499844608176569
8431,49.93033113,27.72766104,0.7743590107558874
8434,49.93033596,27.72751752,0.9171252494268837
8438,49.93034023,27.72738197,0.9111555541721312
8441,49.93034511,27.72721519,0.2510544228238278
8445,49.93035073,27.72704839,0.6830481175839602
8448,49.93035699,27.72688207,0.4134887916635582
8452,49.93036431,27.72668498,0.4160779350068665
8455,49.93037235,27.72648666,0.53194829562106
8459,49.93038113,27.72627963,0.22804267944748702
8462,49.9303912,27.72606639,0.39389946469883996
8466,49.93039974,27.72585695,0.48948426179438903
8469,49.9304095,27.72561936,0.473619374386711
8473,49.93041863,27.72539406,0.5801398766688604
8476,49.93042745,27.72518493,0.724043686495315
8480,49.9304363,27.72495031,0.22026669197707688
8483,49.93043915,27.72474872,0.4824694622832707
8487,49.9304446,27.72453886,2.168861161051394
8490,49.93045259,27.72432396,0.8166314839534318
8494,49.9304584,27.72413938,0.7885711033248246
8497,49.93046536,27.72393589,0.6417084266631646
8501,49.93047102,27.72375086,0.26816018370843775
8504,49.93048062,27.72358174,0.46991824001132126
8508,49.93048894,27.72339858,0.28098360871679184
8511,49.93049581,27.72323058,0.5443730390837181
8515,49.93050193,27.7230683,0.20115419800647968
8518,49.93050885,27.72290997,0.1914244759178625
8522,49.93051521,27.72276513,0.24034405607895573
8525,49.93052104,27.72260613,0.3018325770031518
8529,49.93052465,27.72246669,0.9443593624856729
8532,49.93052215,27.72235448,0.9515830241806084
8536,49.93050672,27.722256,1.2706479199845593
8539,49.93048324,27.72219458,1.0775076464093098
8543,49.93044839,27.72214243,0.3630388935228162
8546,49.93041453,27.72210072,0.08923171504703326
8550,49.93037696,27.72207445,0.9083343591245094
8553,49.93033145,27.72206714,0.4569343054164202
8557,49.93028753,27.72207223,0.20551322700961708
8560,49.93024806,27.72208977,0.41567899872924824
8564,49.93020255,27.72211868,0.5358683040241572
8567,49.93015427,27.72214841,0.7156391892571906
8571,49.93010327,27.72217564,0.29992640832630496
8574,49.93004804,27.72220138,0.26535717305934287
8578,49.92999168,27.72221883,0.3103035083340378
8581,49.92992511,27.72223262,0.3941709681717767
8585,49.92985885,27.72222994,0.257327850871175
8588,49.92979687,27.72222915,0.1980606004474649
8592,49.92972419,27.7222363,0.4184220663475203
8595,49.92965717,27.72223515,0.4484437187425409
8599,49.92958281,27.72222861,0.24089229717775396
8602,49.92949893,27.72221668,0.3301163874455983
8606,49.92941899,27.7222047,0.34404920990241766
8609,49.92932357,27.72219193,0.41209477384675947
8613,49.92923469,27.72217865,0.3340386105247465
8616,49.92915299,27.72217155,0.7789947645206782
8620,49.92906286,27.72215776,0.547936814778963
8623,49.92898352,27.72214467,1.1492896834641937
8627,49.92891448,27.72213699,0.5283854128666646
8630,49.92885008,27.72213359,1.1698409280158215
8634,49.9288004,27.72213086,0.49427121790731443
8637,49.92875157,27.72212907,1.0133434385329592
8641,49.92870757,27.72212957,0.5874024755929691
8644,49.92866672,27.72212866,0.5925025849849863
8648,49.92862045,27.72212624,0.9994452207784275
8651,49.92857531,27.72212419,0.538152035491661
8655,49.92851524,27.72211658,0.771502080525981
8658,49.92843554,27.7221061,0.5116531840998648
8662,49.92835326,27.72209655,0.6318529938088286
8665,49.92824738,27.72208453,0.3657834272186495
8669,49.92813606,27.7220717,0.42953347300778094
8672,49.92802128,27.72205835,0.16890029637434503
8676,49.92788175,27.72204184,0.13131677067045644
8679,49.9277406,27.72202362,0.1335099899372512
8683,49.9275961,27.72200579,0.2874161731258232
8686,49.92744779,27.72198931,0.3655847126864302
8690,49.92731208,27.72197395,0.7390472089050825
8693,49.92716656,27.72195699,1.176158497879856
8696,49.92704559,27.72194152,1.466682743816846
8700,49.92695328,27.72192831,2.052738898399604
8704,49.92687495,27.7219067,0.9628615496941251
8707,49.92682749,27.72187001,0.7946444403639986
8710,49.92679737,27.72181431,0.7409409947282273
8714,49.92678092,27.72174492,1.230684594335386
8717,49.92677953,27.72169046,0.8002795199849099
8721,49.92678242,27.7216314,0.16834215195043933
8724,49.92678023,27.72157437,0.2627571776115533
8728,49.92677048,27.72152856,0.4326532455837548
8731,49.92676388,27.7214833,0.2699108683186153
8735,49.926759,27.72144853,0.42978061767467113
8738,49.92674854,27.72142439,0.5743128836387454
8742,49.92673656,27.72141469,0.5322550886323595
8745,49.92673081,27.72141079,0.7063553497430886
8749,49.92672939,27.72141139,0.05116197015340003
8752,49.92672954,27.72141114,0.038546491351201626
8756,49.92672954,27.72141114,0.9112915396430084
8759,49.92672954,27.72141114,0.46185667020720433
8763,49.92673143,27.72141574,0.6313033814547239
8766,49.92673178,27.72141675,0.5737850069132405
