segment,avg_latitude,avg_longitude,avg_rmsa,quality,color
1,50.38692857,30.45877463,0.8255825195421382,Добре,lightgreen
4,50.38687069,30.45866784,0.8351043114520942,Добре,lightgreen
8,50.38680712,30.45857982,0.6710935298814749,Добре,lightgreen
11,50.38675842,30.45847563,0.32398575692070436,Відмінно,green
15,50.38670193,30.45837965,0.21250655958825473,Відмінно,green
18,50.38664624,30.45828266,0.5517286923165845,Добре,lightgreen
22,50.38658843,30.45818355,0.24128460982496996,Відмінно,green
25,50.38653159,30.45807609,0.3069131746924287,Відмінно,green
29,50.386473,30.45797032,0.9823450802048186,Добре,lightgreen
32,50.38641502,30.45786227,0.24952998523215905,Відмінно,green
36,50.38635626,30.45775002,0.2979383968080809,Відмінно,green
39,50.38629527,30.45763711,0.46876565244858953,Відмінно,green
43,50.38623434,30.45752661,0.4477642603964407,Відмінно,green
46,50.38617422,30.45741064,0.38101573898929175,Відмінно,green
50,50.38611113,30.45729222,0.37344232941768424,Відмінно,green
53,50.38604574,30.45717911,0.32036715993700654,Відмінно,green
57,50.38598146,30.4570673,0.21199572046677487,Відмінно,green
60,50.38591758,30.45695395,0.28010920173930653,Відмінно,green
64,50.38585496,30.45684351,0.6254398473928828,Добре,lightgreen
67,50.3857962,30.45673436,0.693991155144983,Добре,lightgreen
71,50.38574145,30.45662895,0.6577078480296876,Добре,lightgreen
74,50.38568697,30.45653473,0.2761428334620871,Відмінно,green
78,50.38563958,30.45644064,1.1010049800851753,Задовільно,orange
81,50.38559348,30.45635438,0.5444132751704807,Добре,lightgreen
85,50.38554664,30.4562806,0.39363184662596856,Відмінно,green
88,50.3855074,30.45620973,0.13440896451219278,Відмінно,green
92,50.38547052,30.45614496,0.13320501333679177,Відмінно,green
95,50.38543899,30.45608324,0.2695736180888731,Відмінно,green
99,50.3854088,30.45602704,0.3503739244317029,Відмінно,green
102,50.38538225,30.45597826,0.39706594422693614,Відмінно,green
106,50.38535418,30.45593165,0.2985987218639325,Відмінно,green
109,50.38532246,30.45587951,0.19338083218189014,Відмінно,green
113,50.38527303,30.45583779,0.7089603786236363,Добре,lightgreen
116,50.38520808,30.45582982,0.816084133799399,Добре,lightgreen
120,50.38514196,30.4558695,0.8816505514308098,Добре,lightgreen
123,50.38507871,30.45593424,0.49316300755865267,Відмінно,green
127,50.38501836,30.45601934,0.19264150469171606,Відмінно,green
130,50.38495471,30.45610846,0.1643975174919938,Відмінно,green
134,50.3848882,30.4561937,0.1862540636976016,Відмінно,green
137,50.38482324,30.45628201,0.18435495558765744,Відмінно,green
141,50.38475865,30.4563715,0.5288408792054172,Добре,lightgreen
144,50.38469212,30.45645736,0.23511898145986768,Відмінно,green
148,50.38462281,30.45655163,0.21277845190340863,Відмінно,green
151,50.38454969,30.45664636,0.1609791211155426,Відмінно,green
155,50.38447448,30.45674719,0.44012667846687975,Відмінно,green
158,50.38440141,30.4568459,0.23329897835941657,Відмінно,green
162,50.38432861,30.45694798,0.3557326849787962,Відмінно,green
165,50.38425385,30.45705216,0.22984016762031212,Відмінно,green
169,50.38418101,30.457155,0.3763350611528683,Відмінно,green
172,50.38410844,30.45725632,0.5988367220987374,Добре,lightgreen
176,50.38403375,30.45735949,0.24260165483202997,Відмінно,green
179,50.3839563,30.45746196,0.3470450729100933,Відмінно,green
183,50.38388129,30.45756053,0.9421815871601341,Добре,lightgreen
186,50.38380706,30.45766392,0.41953110767824314,Відмінно,green
190,50.38373863,30.45776366,0.8175076827635396,Добре,lightgreen
193,50.38366357,30.45786128,0.2797268756505921,Відмінно,green
197,50.38359226,30.45795565,0.2252275592821785,Відмінно,green
200,50.38352307,30.45804658,0.25929129636048714,Відмінно,green
204,50.38345778,30.45812898,0.21588758444261866,Відмінно,green
207,50.38339696,30.45820895,0.28249737160843486,Відмінно,green
211,50.38334407,30.4582819,0.27221807926293484,Відмінно,green
214,50.38330051,30.45833943,0.17571471739146718,Відмінно,green
218,50.3832557,30.45838539,0.2781500568314919,Відмінно,green
221,50.3832158,30.45842036,0.17340100180282922,Відмінно,green
225,50.38318236,30.45845191,0.12395253819917715,Відмінно,green
228,50.38315569,30.45847797,0.16198924776527895,Відмінно,green
232,50.38313313,30.45850229,0.17167386933482837,Відмінно,green
235,50.38311677,30.45852599,0.09449459041438461,Відмінно,green
239,50.38310595,30.4585416,0.03385916877983821,Відмінно,green
242,50.38310364,30.45854507,0.6059459001063262,Добре,lightgreen
246,50.38310356,30.45854637,0.031353298863637934,Відмінно,green
249,50.38310497,30.45854812,0.022332132953231294,Відмінно,green
253,50.38310584,30.45855085,0.01651660764439841,Відмінно,green
256,50.38310587,30.45855241,0.014428848229268206,Відмінно,green
260,50.38310552,30.45855302,0.01477097026314954,Відмінно,green
263,50.38310459,30.4585527,0.019212985143186225,Відмінно,green
267,50.38310372,30.45855191,0.014103852596638268,Відмінно,green
270,50.38310273,30.45855085,0.015255945381080651,Відмінно,green
274,50.38310331,30.45855109,0.013990110212423164,Відмінно,green
277,50.38310429,30.45855116,0.018060978627439862,Відмінно,green
281,50.38310383,30.45855083,0.018913323243368772,Відмінно,green
284,50.38310391,30.4585511,0.014796576337044913,Відмінно,green
288,50.3831031,30.45855184,0.015641979475984946,Відмінно,green
291,50.38310253,30.45855199,0.014281133019944868,Відмінно,green
295,50.38310238,30.45855256,0.015256729433563017,Відмінно,green
298,50.38310242,30.4585529,0.012971609700755098,Відмінно,green
302,50.38310227,30.45855297,0.01461406015895146,Відмінно,green
305,50.38310229,30.45855311,0.014520960469279821,Відмінно,green
308,50.38310213,30.45855314,0.013198002359717152,Відмінно,green
312,50.383102,30.45855313,0.01435042829764182,Відмінно,green
315,50.38310191,30.45855321,0.016131553955878338,Відмінно,green
319,50.38310194,30.45855337,0.020059325458007784,Відмінно,green
322,50.38310197,30.45855348,0.017254465238816023,Відмінно,green
326,50.38310199,30.45855359,0.014433016200625004,Відмінно,green
329,50.38310188,30.45855366,0.018295439052577425,Відмінно,green
333,50.38310206,30.45855417,0.01356672668219722,Відмінно,green
336,50.38310201,30.45855422,0.014473768227164367,Відмінно,green
340,50.38310195,30.4585542,0.013566319385273326,Відмінно,green
343,50.38310182,30.45855435,0.013824234914797218,Відмінно,green
347,50.38310175,30.45855434,0.015758258452328686,Відмінно,green
350,50.38310167,30.45855441,0.017002931785901898,Відмінно,green
354,50.38310151,30.4585546,0.016451418851652636,Відмінно,green
357,50.38310137,30.4585546,0.02345984236734657,Відмінно,green
361,50.38310137,30.45855481,0.023043530366255185,Відмінно,green
364,50.38310126,30.45855507,0.017597332850007398,Відмінно,green
368,50.3831012,30.45855523,0.01627915945571186,Відмінно,green
371,50.38310115,30.45855524,0.015042192267149144,Відмінно,green
375,50.38310115,30.45855531,0.03385203442777871,Відмінно,green
378,50.38310118,30.45855545,0.057928395272437365,Відмінно,green
382,50.38309115,30.4585684,0.10068623278480883,Відмінно,green
385,50.38307742,30.45858833,0.1415521847858231,Відмінно,green
389,50.38305746,30.45861643,0.22569823986296483,Відмінно,green
392,50.38303055,30.45865391,0.17374500007472063,Відмінно,green
396,50.38299766,30.45870055,0.19993194187309485,Відмінно,green
399,50.38295378,30.45876143,0.15163956321994734,Відмінно,green
403,50.38290987,30.45882772,0.2505573971517083,Відмінно,green
406,50.38285331,30.45889957,0.14220814343405186,Відмінно,green
410,50.38280097,30.45898129,0.4973070215577764,Відмінно,green
413,50.38274078,30.45906814,0.6855761653994412,Добре,lightgreen
417,50.38268046,30.45916221,0.4931515867077563,Відмінно,green
420,50.38261686,30.45926964,0.29577798614597944,Відмінно,green
424,50.38255018,30.4593865,0.19100378001853463,Відмінно,green
427,50.38248224,30.45951383,0.4244370495497067,Відмінно,green
431,50.38241126,30.45964162,0.9228168249076188,Добре,lightgreen
434,50.38233686,30.45976901,0.6526476657364874,Добре,lightgreen
438,50.38225533,30.45990275,0.5194118600054698,Добре,lightgreen
441,50.38217098,30.46003789,0.42117307461199327,Відмінно,green
445,50.38208817,30.46017193,0.729326846619164,Добре,lightgreen
448,50.38200448,30.46030854,1.1251113049979318,Задовільно,orange
452,50.3819171,30.46044678,0.6014653114649967,Добре,lightgreen
455,50.38183152,30.46058311,0.2816102060900611,Відмінно,green
459,50.38174698,30.46072187,0.5148590598258787,Добре,lightgreen
462,50.38166203,30.46085882,0.9076947859672484,Добре,lightgreen
466,50.38157618,30.46099551,0.36280150470738287,Відмінно,green
469,50.38149184,30.46113191,0.6108114616239747,Добре,lightgreen
473,50.38140774,30.46126786,0.5468514717733172,Добре,lightgreen
476,50.38132637,30.46139981,0.7855545045718062,Добре,lightgreen
480,50.38124472,30.46153421,0.5963434478771005,Добре,lightgreen
483,50.38116051,30.46166995,0.7386452606893171,Добре,lightgreen
487,50.38107795,30.46180456,0.39807946023026425,Відмінно,green
490,50.38099592,30.46193808,0.5538736863439311,Добре,lightgreen
494,50.3809117,30.4620747,0.6310031394713308,Добре,lightgreen
497,50.38082998,30.46220997,0.6702522198720884,Добре,lightgreen
501,50.38074671,30.46234496,0.49851791635286347,Відмінно,green
504,50.3806638,30.46247845,0.7075390061138822,Добре,lightgreen
508,50.38057806,30.46261646,0.5105298781219868,Добре,lightgreen
511,50.38049344,30.46275373,0.9480334377417782,Добре,lightgreen
515,50.38040763,30.46289266,0.5421990060271992,Добре,lightgreen
518,50.38032124,30.4630306,0.42985337964483766,Відмінно,green
522,50.38022996,30.46317569,0.6895641356983178,Добре,lightgreen
525,50.38013879,30.46332175,0.5542668223607844,Добре,lightgreen
529,50.38004732,30.46347037,0.4636942599242157,Відмінно,green
532,50.37995767,30.46361565,0.5353212192200273,Добре,lightgreen
536,50.37986771,30.46376074,0.6160476163349755,Добре,lightgreen
539,50.37977893,30.46390378,0.7122418863991833,Добре,lightgreen
543,50.37969353,30.46404261,0.6510856763592228,Добре,lightgreen
546,50.37961133,30.46417401,0.5207628384594692,Добре,lightgreen
550,50.37953433,30.46429765,0.6030446111021531,Добре,lightgreen
553,50.37946643,30.46440751,0.9977012729068182,Добре,lightgreen
557,50.37940472,30.46450524,0.5358803466843012,Добре,lightgreen
560,50.3793488,30.46459293,0.3521096703659565,Відмінно,green
563,50.37929734,30.46467375,0.544595495907539,Добре,lightgreen
567,50.3792535,30.46474252,0.3150370640597879,Відмінно,green
571,50.37921656,30.46479983,0.3512092781304308,Відмінно,green
574,50.37918968,30.46484149,0.1888759240722511,Відмінно,green
577,50.37917196,30.46486908,0.27944038257192966,Відмінно,green
581,50.37916572,30.46487891,0.3263712521234822,Відмінно,green
584,50.37916473,30.46488042,0.13356956834840042,Відмінно,green
588,50.3791647,30.46488062,0.020536039636070907,Відмінно,green
592,50.37916471,30.46488063,0.015449890191547517,Відмінно,green
595,50.37916471,30.46488063,0.01563408546965236,Відмінно,green
598,50.37916471,30.46488063,0.019960207388832522,Відмінно,green
602,50.37916471,30.46488063,0.01371876551786532,Відмінно,green
605,50.37916471,30.46488063,0.014179999018873105,Відмінно,green
609,50.37916471,30.46488063,0.01569248668286187,Відмінно,green
612,50.37916471,30.46488063,0.015700478143676103,Відмінно,green
616,50.37916471,30.46488063,0.011682460298612479,Відмінно,green
619,50.37916471,30.46488063,0.014078480680565556,Відмінно,green
623,50.37916471,30.46488063,0.013034895340502823,Відмінно,green
626,50.37916471,30.46488063,0.016330490061447777,Відмінно,green
630,50.37916471,30.46488063,0.013587333321893456,Відмінно,green
633,50.37916471,30.46488063,0.015256943849940563,Відмінно,green
637,50.37916471,30.46488063,0.025749240264709133,Відмінно,green
640,50.37916471,30.46488063,0.041625753918474666,Відмінно,green
644,50.37915326,30.46489661,0.22592976333496978,Відмінно,green
647,50.37913371,30.46492756,0.3557429789257013,Відмінно,green
651,50.37910345,30.46497453,0.24307447268653,Відмінно,green
654,50.37906541,30.46503364,0.47795411234149915,Відмінно,green
658,50.37901959,30.46510413,0.6728281255086855,Добре,lightgreen
661,50.37896629,30.46518641,0.41612086092519646,Відмінно,green
665,50.37890769,30.46527649,0.32304225467778547,Відмінно,green
668,50.37884433,30.4653744,0.2714763376788524,Відмінно,green
672,50.37877454,30.46548407,0.407878418063082,Відмінно,green
675,50.37870139,30.46560186,0.7116389717119643,Добре,lightgreen
679,50.3786239,30.46572918,0.2964375651517392,Відмінно,green
682,50.37854215,30.46586441,0.35159038868460285,Відмінно,green
686,50.37845733,30.46600599,0.2501536251976927,Відмінно,green
689,50.37836762,30.46615861,0.3920021474856441,Відмінно,green
693,50.37827292,30.46631989,0.2714547601234344,Відмінно,green
696,50.3781771,30.46648207,0.3119698685776879,Відмінно,green
700,50.37807965,30.46664131,0.28227883342249627,Відмінно,green
703,50.37797891,30.46680208,0.247141645966311,Відмінно,green
707,50.37788193,30.46695608,0.5209946227042578,Добре,lightgreen
710,50.3777882,30.46710053,0.25026154986026233,Відмінно,green
714,50.37769472,30.46723503,0.49994977672095975,Відмінно,green
717,50.37759832,30.46735965,0.29257873376417104,Відмінно,green
721,50.37750384,30.46746485,0.5118463767702766,Добре,lightgreen
724,50.37740769,30.46755148,0.3468196007191836,Відмінно,green
728,50.37731313,30.46761661,0.4031698642160567,Відмінно,green
731,50.37722085,30.4676649,0.16105080125499482,Відмінно,green
735,50.37713798,30.4677025,0.3689655614302075,Відмінно,green
738,50.37706384,30.46773221,0.33731379194062455,Відмінно,green
742,50.37699747,30.46775639,0.47939959214320343,Відмінно,green
745,50.3769342,30.46777886,0.2752343578488098,Відмінно,green
749,50.37687532,30.46779777,0.19432129590403904,Відмінно,green
752,50.37682627,30.46781338,0.4074557417956727,Відмінно,green
756,50.37678942,30.46782477,0.6180368286684107,Добре,lightgreen
759,50.37676467,30.46783459,0.10317150512238163,Відмінно,green
763,50.37675447,30.46783889,0.13999594480959562,Відмінно,green
766,50.37675212,30.46783992,0.1433697624248624,Відмінно,green
770,50.37675211,30.46784002,0.017842328942059414,Відмінно,green
773,50.37675216,30.46784001,0.01426013708458493,Відмінно,green
777,50.37675216,30.46784001,0.020657688281651234,Відмінно,green
780,50.37675216,30.46784001,0.011547903800250704,Відмінно,green
784,50.37675216,30.46784001,0.012319457810228179,Відмінно,green
787,50.37675216,30.46784001,0.013451648328966982,Відмінно,green
791,50.37675216,30.46784001,0.014969372936346734,Відмінно,green
794,50.37675216,30.46784001,0.014118380419694269,Відмінно,green
798,50.37675216,30.46784001,0.017791318991017945,Відмінно,green
801,50.37675216,30.46784001,0.01224347465252379,Відмінно,green
805,50.37675216,30.46784001,0.013256477918942461,Відмінно,green
808,50.37675216,30.46784001,0.016809473828095587,Відмінно,green
812,50.37675216,30.46784001,0.016850453739439216,Відмінно,green
815,50.37675216,30.46784001,0.01949986633730322,Відмінно,green
819,50.37675216,30.46784001,0.014697328524357324,Відмінно,green
822,50.37675216,30.46784001,0.018856650553967905,Відмінно,green
826,50.37675216,30.46784001,0.01786241598046887,Відмінно,green
829,50.37675216,30.46784001,0.02085823948912289,Відмінно,green
833,50.37675216,30.46784001,0.01684294635299631,Відмінно,green
836,50.37675216,30.46784001,0.0236774284169276,Відмінно,green
840,50.37675216,30.46784001,0.0366166118226996,Відмінно,green
843,50.37675216,30.46784001,0.031170151133895842,Відмінно,green
847,50.37675216,30.46784001,0.025194522961769265,Відмінно,green
850,50.37675216,30.46784001,0.02518918570483662,Відмінно,green
854,50.37675216,30.46784001,0.018962582873633956,Відмінно,green
857,50.37675216,30.46784001,0.015446353424982696,Відмінно,green
861,50.37675216,30.46784001,0.022267165200281325,Відмінно,green
864,50.37675216,30.46784001,0.020629728780901503,Відмінно,green
867,50.37675216,30.46784001,0.019018278005363824,Відмінно,green
871,50.37675216,30.46784001,0.02285987993474662,Відмінно,green
875,50.37675216,30.46784001,0.015782264445883067,Відмінно,green
878,50.37675216,30.46784001,0.017105106895238524,Відмінно,green
881,50.37675216,30.46784001,0.023599658679371454,Відмінно,green
885,50.37675216,30.46784001,0.028695159468597537,Відмінно,green
888,50.37675216,30.46784001,0.020174588641334125,Відмінно,green
892,50.37675216,30.46784001,0.01511155374959523,Відмінно,green
895,50.37675216,30.46784001,0.014563440283706026,Відмінно,green
899,50.37675216,30.46784001,0.011684630723981092,Відмінно,green
902,50.37675216,30.46784001,0.015187839543701492,Відмінно,green
906,50.37675216,30.46784001,0.024108915189902005,Відмінно,green
909,50.37675216,30.46784001,0.0163599423141511,Відмінно,green
913,50.37675216,30.46784001,0.016040313229050265,Відмінно,green
916,50.37675216,30.46784001,0.013724648913636235,Відмінно,green
920,50.37675216,30.46784001,0.012574808636931426,Відмінно,green
923,50.37675216,30.46784001,0.012779881529705462,Відмінно,green
927,50.37675216,30.46784001,0.0340433194805559,Відмінно,green
930,50.37674558,30.46784193,0.08508050175721757,Відмінно,green
934,50.37673397,30.46785008,0.23983302903757373,Відмінно,green
937,50.37671043,30.46787157,0.2878364843767552,Відмінно,green
941,50.37668379,30.46791087,0.20120854899665394,Відмінно,green
944,50.37665765,30.46797077,0.22096312383306224,Відмінно,green
948,50.37663568,30.46804978,0.4442292790922043,Відмінно,green
951,50.3766256,30.46814387,0.5291469053491996,Добре,lightgreen
955,50.37663286,30.4682461,0.3153841770649057,Відмінно,green
958,50.3766606,30.46834619,0.27807648103610916,Відмінно,green
962,50.3767083,30.46843274,0.19072626185112504,Відмінно,green
965,50.37676892,30.46852422,0.1637645831886612,Відмінно,green
969,50.37684177,30.46863135,0.1538141758141189,Відмінно,green
972,50.37692047,30.46875515,0.1529748032793536,Відмінно,green
976,50.37700287,30.46889324,0.16778119137407252,Відмінно,green
979,50.37709239,30.46904813,0.19982599252075692,Відмінно,green
983,50.37718861,30.46921203,0.18835695152579088,Відмінно,green
986,50.3772927,30.46938097,0.19070187504057126,Відмінно,green
990,50.37740049,30.46955484,0.3918136271302811,Відмінно,green
993,50.37750791,30.46972896,0.2212612520576666,Відмінно,green
997,50.37761937,30.46990011,0.23945120817971377,Відмінно,green
1000,50.37772973,30.47006581,0.2115372878561139,Відмінно,green
1004,50.37782533,30.47020843,0.1778340407982819,Відмінно,green
1007,50.37790581,30.47033129,0.24502518399837822,Відмінно,green
1011,50.37797314,30.47043628,0.27778474119725216,Відмінно,green
1014,50.37803156,30.47053217,0.18608311296708296,Відмінно,green
1018,50.37808118,30.47062283,0.15280135777932236,Відмінно,green
1021,50.37812554,30.47071335,0.18075180020056836,Відмінно,green
1025,50.37816704,30.47079912,0.18798385810198306,Відмінно,green
1028,50.37820426,30.4708689,0.1252717405544082,Відмінно,green
1032,50.3782322,30.47092048,0.10759272034132954,Відмінно,green
1035,50.37825147,30.4709554,0.09211567866093104,Відмінно,green
1039,50.37826403,30.47097745,0.11677999951854907,Відмінно,green
1042,50.37827048,30.47099138,0.0628084333137393,Відмінно,green
1046,50.37827194,30.47099477,0.5193264458994509,Добре,lightgreen
1049,50.37827196,30.47099667,0.04686637900981348,Відмінно,green
1053,50.37827198,30.47099663,0.026146314069330642,Відмінно,green
1056,50.37827198,30.47099663,0.024193707999506712,Відмінно,green
1060,50.37827198,30.47099663,0.020313195813726027,Відмінно,green
1063,50.37827198,30.47099663,0.01768988267911882,Відмінно,green
1067,50.37827198,30.47099663,0.015813410926382786,Відмінно,green
1070,50.37827198,30.47099663,0.02176142095184252,Відмінно,green
1074,50.37827198,30.47099663,0.023395284928371764,Відмінно,green
1077,50.37827198,30.47099663,0.04807482422804384,Відмінно,green
1081,50.37827517,30.47100306,0.07354228473065137,Відмінно,green
1084,50.37828383,30.47101819,0.10557231174695096,Відмінно,green
1088,50.37829658,30.47104046,0.11941095503400033,Відмінно,green
1091,50.37831554,30.47107285,0.12344864139328998,Відмінно,green
1095,50.37834049,30.47111771,0.16332590320253346,Відмінно,green
1098,50.3783713,30.47117425,0.16423994358617253,Відмінно,green
1102,50.37840982,30.47124416,0.1728704619420551,Відмінно,green
1105,50.37845505,30.47132613,0.19805472494335696,Відмінно,green
1109,50.37850738,30.47142336,0.17162296899085433,Відмінно,green
1112,50.37856549,30.47153321,0.32689682527038094,Відмінно,green
1116,50.37863045,30.47165909,0.15753243352835564,Відмінно,green
1119,50.37870027,30.47179601,0.1552279227209289,Відмінно,green
1123,50.3787785,30.47194808,0.20099419863167298,Відмінно,green
1126,50.37886182,30.47211559,0.2036167116534663,Відмінно,green
1130,50.37895066,30.47229608,0.2055436725641486,Відмінно,green
1133,50.37904182,30.47248525,0.4073914539031681,Відмінно,green
1137,50.37913953,30.472691,0.3686110883486388,Відмінно,green
1140,50.3792396,30.47290283,0.36132595998853556,Відмінно,green
1144,50.37933888,30.47311438,0.3057171255595572,Відмінно,green
1147,50.37943852,30.47332988,0.2194896285152296,Відмінно,green
1151,50.37954123,30.47355602,0.4085805450787983,Відмінно,green
1154,50.37964242,30.47378205,0.3118678041065176,Відмінно,green
1158,50.37973998,30.47400803,0.27664364761169485,Відмінно,green
1161,50.37983602,30.47423614,0.1857020082398839,Відмінно,green
1164,50.37993102,30.47446757,0.29309037636048624,Відмінно,green
1168,50.38002118,30.47469213,0.17096192114810643,Відмінно,green
1171,50.38010891,30.47491593,0.23908916926694843,Відмінно,green
1175,50.3801949,30.47513574,0.18018981227514394,Відмінно,green
1178,50.38028168,30.4753588,0.27001291360127916,Відмінно,green
1182,50.38036871,30.47558278,0.2262982974830213,Відмінно,green
1185,50.38045513,30.47580438,0.24479358472302237,Відмінно,green
1189,50.38054056,30.47602347,0.2682487970002796,Відмінно,green
1192,50.3806288,30.47625016,0.1590173614689035,Відмінно,green
1196,50.38071603,30.47647237,0.3342771568859655,Відмінно,green
1199,50.38080197,30.47669048,0.37919532967245473,Відмінно,green
1203,50.38088887,30.4769086,0.45171391940731326,Відмінно,green
1206,50.3809792,30.47713054,0.3899523334809011,Відмінно,green
1210,50.38107133,30.47734582,0.2673503564784461,Відмінно,green
1213,50.38116535,30.47755811,0.33336134975586607,Відмінно,green
1217,50.38125864,30.47776875,0.328780580346029,Відмінно,green
1220,50.38135127,30.47798859,0.31275120121029276,Відмінно,green
1224,50.38144101,30.47821233,0.15633678646454133,Відмінно,green
1227,50.38152913,30.47843962,0.34978983522723534,Відмінно,green
1231,50.38161615,30.47866546,0.2990466499210347,Відмінно,green
1234,50.38170559,30.47889737,0.1321211292889097,Відмінно,green
1238,50.38179723,30.47913459,0.42489158908450064,Відмінно,green
1241,50.38188663,30.4793657,0.6731429499753374,Добре,lightgreen
1245,50.38197511,30.47959265,0.8754021002014627,Добре,lightgreen
1248,50.382065,30.47982086,0.6168467074772259,Добре,lightgreen
1252,50.38215133,30.48003986,0.3647582124692975,Відмінно,green
1255,50.3822324,30.48024722,0.5430634325837685,Добре,lightgreen
1259,50.38230822,30.48044027,0.7078158766526097,Добре,lightgreen
1262,50.38237718,30.48061387,0.5890329030415916,Добре,lightgreen
1266,50.38243144,30.48075216,0.2383595242265967,Відмінно,green
1269,50.38247136,30.48085211,0.3189695042655625,Відмінно,green
1273,50.3824997,30.48092309,0.5884730096951928,Добре,lightgreen
1276,50.38251934,30.48097299,0.24066803727359531,Відмінно,green
1280,50.38253593,30.48101388,0.13223177812632,Відмінно,green
1283,50.38254996,30.48104737,0.12376687590122575,Відмінно,green
1287,50.38256009,30.48107291,0.11797775526685676,Відмінно,green
1290,50.38256828,30.48109232,0.08224372490406578,Відмінно,green
1294,50.38257167,30.4811017,0.1258012783672842,Відмінно,green
1297,50.38257147,30.48110113,0.13189920434719524,Відмінно,green
1301,50.38257147,30.48110113,0.029150648762415122,Відмінно,green
1304,50.38257147,30.48110113,0.02169555117078882,Відмінно,green
1308,50.38257147,30.48110113,0.018457277543112566,Відмінно,green
1311,50.38257147,30.48110113,0.022243461792012243,Відмінно,green
1315,50.38257147,30.48110113,0.01588201462390044,Відмінно,green
1318,50.38257147,30.48110113,0.013731661499804466,Відмінно,green
1322,50.38257147,30.48110113,0.01766972326690503,Відмінно,green
1325,50.38257147,30.48110113,0.04061492723975893,Відмінно,green
1329,50.38257147,30.48110113,0.01760931023654842,Відмінно,green
1332,50.38257147,30.48110113,0.015812160226336604,Відмінно,green
1336,50.38257147,30.48110113,0.013606090232294659,Відмінно,green
1339,50.38257147,30.48110113,0.013024735243912325,Відмінно,green
1343,50.38257147,30.48110113,0.016484054453062145,Відмінно,green
1346,50.38257147,30.48110113,0.015944208195938395,Відмінно,green
1350,50.38257147,30.48110113,0.016829606253288665,Відмінно,green
1353,50.38257147,30.48110113,0.018972177059664187,Відмінно,green
1357,50.38257147,30.48110113,0.015296649667150147,Відмінно,green
1360,50.38257147,30.48110113,0.023096126944878646,Відмінно,green
1364,50.38257147,30.48110113,0.014303498314365103,Відмінно,green
1367,50.38257147,30.48110113,0.018839572224306943,Відмінно,green
1371,50.38257147,30.48110113,0.01640289544698421,Відмінно,green
1374,50.38257147,30.48110113,0.01425799653594802,Відмінно,green
1378,50.38257147,30.48110113,0.015500582626346867,Відмінно,green
1381,50.38257147,30.48110113,0.0178370216077109,Відмінно,green
1385,50.38257147,30.48110113,0.016465112671590638,Відмінно,green
1388,50.38257147,30.48110113,0.018678683943006872,Відмінно,green
1392,50.38257147,30.48110113,0.017637940767220864,Відмінно,green
1395,50.38257147,30.48110113,0.019766548541591034,Відмінно,green
1399,50.38257147,30.48110113,0.016083789477780032,Відмінно,green
1402,50.38257147,30.48110113,0.017942163959608973,Відмінно,green
1405,50.38257147,30.48110113,0.014570846616621365,Відмінно,green
1409,50.38257147,30.48110113,0.04322058322364739,Відмінно,green
1413,50.38257147,30.48110113,0.05573736133625785,Відмінно,green
1416,50.38257147,30.48110113,0.027569929301864988,Відмінно,green
1420,50.3825724,30.48110517,0.06358262865494442,Відмінно,green
1423,50.38257812,30.48111935,0.14280249468668227,Відмінно,green
1426,50.38259086,30.48114923,0.29641551560040097,Відмінно,green
1430,50.38260854,30.48119333,0.2169350975640017,Відмінно,green
1433,50.38263071,30.48124908,0.4111371575830889,Відмінно,green
1437,50.38265763,30.48131686,0.44513132631777313,Відмінно,green
1440,50.38268683,30.4813938,0.26364818558877495,Відмінно,green
1444,50.38272297,30.48148497,0.35964579950758657,Відмінно,green
1447,50.3827625,30.48158529,0.3026537628666985,Відмінно,green
1451,50.38280366,30.48169015,0.2410356702753267,Відмінно,green
1454,50.38284813,30.48180309,0.49283755471858315,Відмінно,green
1458,50.38289606,30.4819271,0.17893081032782912,Відмінно,green
1461,50.38294859,30.48206246,0.26583750727625133,Відмінно,green
1465,50.38300204,30.48220015,0.38641189822075345,Відмінно,green
1468,50.38305942,30.48234605,0.5383246364372148,Добре,lightgreen
1472,50.38312009,30.48249787,0.22983414885523296,Відмінно,green
1475,50.38318156,30.48265313,0.17306710310973117,Відмінно,green
1479,50.38324433,30.48280936,0.27677601690704834,Відмінно,green
1482,50.38330812,30.48296726,0.16890917410811535,Відмінно,green
1486,50.38336834,30.48311895,0.2123779451374415,Відмінно,green
1489,50.38342653,30.48326676,0.18833652267585188,Відмінно,green
1493,50.38348124,30.48340561,0.23116975789879937,Відмінно,green
1496,50.38353548,30.48354188,0.4358652382676331,Відмінно,green
1500,50.38358939,30.48367577,0.3562502758188698,Відмінно,green
1503,50.3836414,30.483811,0.7383557058360932,Добре,lightgreen
1507,50.383691,30.48393784,0.42018847376084295,Відмінно,green
1510,50.3837406,30.48406372,0.29685745525770535,Відмінно,green
1514,50.38379154,30.4841923,0.2952487195090524,Відмінно,green
1517,50.38384615,30.48432641,0.2557063976786091,Відмінно,green
1521,50.38389948,30.4844593,0.37015307218475046,Відмінно,green
1524,50.38395426,30.4845958,0.43862545216471077,Відмінно,green
1528,50.3840085,30.48473288,0.33592397388578193,Відмінно,green
1531,50.38406345,30.48487123,0.2898565232617035,Відмінно,green
1535,50.38411648,30.48500537,0.45827028012698295,Відмінно,green
1538,50.38416642,30.4851325,0.42662047726785757,Відмінно,green
1542,50.38421028,30.485242,0.7308608176494772,Добре,lightgreen
1545,50.38424834,30.48533821,0.2534934367630398,Відмінно,green
1549,50.38428339,30.48542784,0.5953414336761743,Добре,lightgreen
1552,50.38431839,30.48551858,1.0427648895523336,Задовільно,orange
1556,50.38435589,30.48561531,0.530500198878327,Добре,lightgreen
1559,50.38439766,30.48571835,0.4659744330087114,Відмінно,green
1563,50.38444097,30.48583,0.71092823939842,Добре,lightgreen
1566,50.384489,30.48595357,0.40057512523570415,Відмінно,green
1570,50.38454285,30.48608958,0.4486029936180496,Відмінно,green
1573,50.3846023,30.48623755,0.4616277563129006,Відмінно,green
1577,50.38466409,30.48639209,0.3937466394398773,Відмінно,green
1580,50.38473042,30.48655726,0.4954494273049624,Відмінно,green
1584,50.38480062,30.48672973,0.44523848182787784,Відмінно,green
1587,50.38487157,30.48690906,0.3817721138386026,Відмінно,green
1591,50.38494218,30.48708851,0.4405131479700159,Відмінно,green
1594,50.3850114,30.48726459,0.515028573288776,Добре,lightgreen
1598,50.3850829,30.48744426,0.5314914565794282,Добре,lightgreen
1601,50.3851558,30.48762682,0.5627154508402282,Добре,lightgreen
1605,50.38522745,30.48780594,0.29666939349950094,Відмінно,green
1608,50.38529947,30.48798619,0.4515956746114582,Відмінно,green
1612,50.38537481,30.48817594,0.5249008539279637,Добре,lightgreen
1615,50.38544872,30.4883643,0.1721159110516851,Відмінно,green
1619,50.38552119,30.48855002,0.5648735089679985,Добре,lightgreen
1622,50.38559245,30.48873314,0.20340543838263375,Відмінно,green
1626,50.38566594,30.48892037,0.6256016289920392,Добре,lightgreen
1629,50.38573862,30.48910483,0.6510521873616024,Добре,lightgreen
1633,50.38581114,30.48928705,0.5536308074137903,Добре,lightgreen
1636,50.38588139,30.48946738,0.6664534300120096,Добре,lightgreen
1640,50.3859525,30.48964764,0.5376334559488891,Добре,lightgreen
1643,50.38602285,30.48982753,1.0085298027026868,Задовільно,orange
1647,50.38609312,30.49000633,0.8620567968258968,Добре,lightgreen
1650,50.38616104,30.49018082,0.4467403990585574,Відмінно,green
1654,50.38623029,30.49035881,0.6059521123670475,Добре,lightgreen
1657,50.38630113,30.49053661,0.5983083984524995,Добре,lightgreen
1661,50.38636957,30.49070853,0.4908222624147353,Відмінно,green
1664,50.3864376,30.49087948,0.6281968594652623,Добре,lightgreen
1668,50.38650851,30.49105712,0.3695303516891837,Відмінно,green
1671,50.38657806,30.49123198,0.2894280933627098,Відмінно,green
1675,50.38664734,30.49140622,0.604174131327276,Добре,lightgreen
1678,50.38671703,30.4915833,0.6252098077554776,Добре,lightgreen
1682,50.38679136,30.49176984,0.7293017964397772,Добре,lightgreen
1685,50.38686527,30.49195705,0.7680854569200942,Добре,lightgreen
1689,50.38694043,30.49214613,0.5844606229087997,Добре,lightgreen
1692,50.387015,30.49233569,0.6625809449834207,Добре,lightgreen
1696,50.38709223,30.4925283,0.29705479862533984,Відмінно,green
1699,50.3871696,30.49272224,0.4328172913936969,Відмінно,green
1702,50.38724714,30.49291677,0.4405974483659248,Відмінно,green
1706,50.38732365,30.49311036,0.3012388202211501,Відмінно,green
1710,50.38740344,30.49331144,0.6287402655058532,Добре,lightgreen
1713,50.38748201,30.49351144,0.455951610307575,Відмінно,green
1716,50.38755922,30.49370771,0.5725685378174039,Добре,lightgreen
1720,50.38763677,30.49390397,0.8647588938903631,Добре,lightgreen
1723,50.38771712,30.49410762,0.47911563696122006,Відмінно,green
1727,50.38779612,30.49430726,0.4308381472884942,Відмінно,green
1730,50.38787414,30.49450623,0.3281207317918649,Відмінно,green
1734,50.3879525,30.49469987,0.6236398655854674,Добре,lightgreen
1737,50.38802944,30.49489471,0.46166673370569694,Відмінно,green
1741,50.3881057,30.49508763,0.6099445608775852,Добре,lightgreen
1744,50.38818065,30.49527667,0.6390870242092432,Добре,lightgreen
1748,50.38825378,30.4954582,0.25794037660273295,Відмінно,green
1751,50.38832491,30.4956382,0.39877782299446923,Відмінно,green
1755,50.38839344,30.495813,0.3050136984265792,Відмінно,green
1758,50.38845774,30.49597564,0.2982307481648324,Відмінно,green
1762,50.38852018,30.49613294,0.44578641797541285,Відмінно,green
1765,50.38858159,30.4962881,0.2865520028274362,Відмінно,green
1769,50.38863999,30.49643598,0.3972227577819726,Відмінно,green
1772,50.38869642,30.49657867,0.38918325459631553,Відмінно,green
1776,50.38875157,30.49671776,0.5815849398788194,Добре,lightgreen
1779,50.38880704,30.49686055,0.31242391798128805,Відмінно,green
1783,50.38886239,30.49700171,0.5798825237059061,Добре,lightgreen
1786,50.3889175,30.49714197,0.7026567782916022,Добре,lightgreen
1790,50.38897421,30.49728498,0.3126799557501269,Відмінно,green
1793,50.38903045,30.4974279,0.3414871167672358,Відмінно,green
1797,50.38908753,30.49756963,0.3145988573712359,Відмінно,green
1800,50.38914343,30.49771123,0.41290220382813014,Відмінно,green
1804,50.38919757,30.49784856,0.40331906887885904,Відмінно,green
1807,50.38925145,30.49798427,0.4651925232984645,Відмінно,green
1811,50.38930133,30.49811285,0.4538639407457748,Відмінно,green
1814,50.38934649,30.49823125,0.385337719194364,Відмінно,green
1818,50.3893898,30.4983424,0.5501688794771942,Добре,lightgreen
1821,50.3894316,30.49844858,0.2099535854768656,Відмінно,green
1825,50.38947258,30.49855137,0.17469353176603583,Відмінно,green
1828,50.38951338,30.49865269,0.18928288953023356,Відмінно,green
1832,50.38955316,30.49875153,0.4017461858637939,Відмінно,green
1835,50.38959026,30.49884775,0.22618145656715694,Відмінно,green
1839,50.38962097,30.49892605,0.15393556691275073,Відмінно,green
1842,50.38964539,30.49898863,0.237925237313698,Відмінно,green
1846,50.38966525,30.49903887,0.2446479691532543,Відмінно,green
1849,50.38968339,30.499085,0.25142373604356805,Відмінно,green
1853,50.38970112,30.4991301,0.24323572430483847,Відмінно,green
1856,50.38971895,30.49917726,0.24901502334679967,Відмінно,green
1860,50.38973716,30.49922315,0.1703923037380926,Відмінно,green
1863,50.38975579,30.49926951,0.2650445765386371,Відмінно,green
1867,50.38977279,30.49931285,0.19862838167545535,Відмінно,green
1870,50.38978671,30.49935036,0.20193179822998095,Відмінно,green
1874,50.38980071,30.49938578,0.21357851608315323,Відмінно,green
1877,50.38981549,30.49942405,0.26448540541311527,Відмінно,green
1881,50.38983093,30.4994622,0.1507907795749799,Відмінно,green
1884,50.38984631,30.49950095,0.12810473422258947,Відмінно,green
1888,50.38986294,30.49954234,0.3742832775697754,Відмінно,green
1891,50.38988105,30.4995905,0.40722189859967417,Відмінно,green
1895,50.3899036,30.49964524,0.23539574295790558,Відмінно,green
1898,50.38992966,30.49970994,0.22225629119078938,Відмінно,green
1902,50.38995954,30.49978546,0.23801361545007807,Відмінно,green
1905,50.38999412,30.49987392,0.23958100315294883,Відмінно,green
1909,50.39003227,30.49997015,0.22132469294169163,Відмінно,green
1912,50.39007413,30.50007492,0.24062919835237032,Відмінно,green
1916,50.3901187,30.50018682,0.5143972405720968,Добре,lightgreen
1919,50.39016883,30.50031117,0.45946439914104376,Відмінно,green
1923,50.39021982,30.50044016,0.4181879496987174,Відмінно,green
1926,50.39027093,30.50057019,0.2091490047462747,Відмінно,green
1930,50.39032266,30.50070092,0.42236259043585483,Відмінно,green
1933,50.39037548,30.50083504,0.31776368265231386,Відмінно,green
1937,50.39042622,30.50096305,0.20478179535820507,Відмінно,green
1940,50.39047512,30.5010868,0.2621319271068636,Відмінно,green
1944,50.39052322,30.5012083,0.49669135867823033,Відмінно,green
1947,50.39057068,30.50132988,0.3628860391698877,Відмінно,green
1951,50.390617,30.50144657,0.18724830535283188,Відмінно,green
1954,50.39066231,30.50156166,0.17689561953226432,Відмінно,green
1958,50.39070574,30.50167252,0.2700708082462542,Відмінно,green
1961,50.3907501,30.5017851,0.20488215138703317,Відмінно,green
1965,50.39079597,30.50189912,0.26871125169206433,Відмінно,green
1968,50.39084493,30.5020226,0.24782497512291377,Відмінно,green
1972,50.39089577,30.50215158,0.47722530462478396,Відмінно,green
1975,50.39095121,30.50229135,0.3812311136724788,Відмінно,green
1979,50.39100679,30.50243401,0.5532214759236752,Добре,lightgreen
1982,50.3910638,30.50257827,0.6473310279131277,Добре,lightgreen
1986,50.39112105,30.50272442,0.1399108113358812,Відмінно,green
1989,50.39118121,30.50287833,0.30165557478447,Відмінно,green
1992,50.39124138,30.50303036,0.30350792836809676,Відмінно,green
1996,50.39129989,30.50318004,0.2821460706418319,Відмінно,green
1999,50.39135947,30.50333004,0.27656178598328546,Відмінно,green
2003,50.39142008,30.50348482,0.29195973343905185,Відмінно,green
2006,50.39147965,30.50363649,0.29334087047716767,Відмінно,green
2010,50.39153922,30.50378844,0.300011719686997,Відмінно,green
2013,50.39159808,30.50393714,0.2850481654181026,Відмінно,green
2017,50.39165965,30.5040867,0.2894548037441062,Відмінно,green
2020,50.39172296,30.50423419,0.37714126579570073,Відмінно,green
2024,50.3917864,30.50437857,0.34484436920293077,Відмінно,green
2027,50.39185006,30.50451737,0.7333597783293391,Добре,lightgreen
2031,50.39191515,30.50465643,0.5437182962457763,Добре,lightgreen
2034,50.39197963,30.50478989,0.5749772124534288,Добре,lightgreen
2038,50.39204196,30.50491727,0.3208264925040343,Відмінно,green
2041,50.3921051,30.50504127,0.47717040701282964,Відмінно,green
2045,50.39216953,30.50516212,0.35539724087303953,Відмінно,green
2048,50.39223454,30.5052777,0.6730293154431647,Добре,lightgreen
2052,50.39229642,30.50539028,0.4313586905786568,Відмінно,green
2055,50.39236498,30.50550871,0.27243800077234465,Відмінно,green
2059,50.39244025,30.5056325,0.5521035443607579,Добре,lightgreen
2062,50.39251738,30.50576074,0.8161469616728669,Добре,lightgreen
2066,50.39259832,30.50589022,0.32135823207961983,Відмінно,green
2069,50.39267956,30.50601691,0.5883808079703441,Добре,lightgreen
2073,50.39276246,30.50614262,0.48205085569481676,Відмінно,green
2076,50.39284648,30.5062677,0.2913692793471858,Відмінно,green
2080,50.39292904,30.50638562,0.2913056548174685,Відмінно,green
2083,50.39301016,30.50649742,0.3791640541199258,Відмінно,green
2087,50.39309071,30.50660435,0.18286840536040483,Відмінно,green
2090,50.39316831,30.50670357,0.17277376473000594,Відмінно,green
2094,50.39324456,30.50679804,0.588943857264837,Добре,lightgreen
2097,50.39332121,30.5068904,0.2402562546588636,Відмінно,green
2101,50.39340012,30.50697993,0.46131601037452835,Відмінно,green
2104,50.39347618,30.50706801,0.23075535009031725,Відмінно,green
2108,50.39354753,30.50714959,0.2289546429737537,Відмінно,green
2111,50.39361936,30.50722785,0.20526143228624993,Відмінно,green
2115,50.393688,30.50730311,0.2084806946600594,Відмінно,green
2118,50.39375778,30.50737448,0.24690061018404671,Відмінно,green
2122,50.39382622,30.50744378,0.4223012095180814,Відмінно,green
2125,50.39389221,30.50751165,0.2719484918156505,Відмінно,green
2129,50.39396337,30.50758049,0.172100953997827,Відмінно,green
2132,50.39404011,30.5076537,0.19166564357925722,Відмінно,green
2136,50.39411793,30.5077248,0.2603166647470078,Відмінно,green
2139,50.39419609,30.50779451,0.25588495568650255,Відмінно,green
2143,50.39427507,30.50786413,0.19351354201340867,Відмінно,green
2146,50.39435302,30.50793164,0.26799920517934156,Відмінно,green
2150,50.39442913,30.5079932,0.6352074781548759,Добре,lightgreen
2153,50.39450442,30.50805161,0.8608532599380385,Добре,lightgreen
2157,50.3945803,30.50810725,1.174194012014311,Задовільно,orange
2160,50.39465174,30.50815892,1.1214381371734705,Задовільно,orange
2164,50.39471172,30.50820032,0.6254750579480679,Добре,lightgreen
2167,50.39475843,30.50823007,0.765177993248822,Добре,lightgreen
2171,50.39478302,30.50825472,0.6312065894280114,Добре,lightgreen
2174,50.39479927,30.5082662,0.7810775082884202,Добре,lightgreen
2178,50.39480896,30.50828014,0.7661944708862106,Добре,lightgreen
2181,50.39481307,30.50825879,0.21598254652822688,Відмінно,green
2185,50.3948156,30.50826347,0.015611000996537294,Відмінно,green
2188,50.3948164,30.50826257,0.015580751107816126,Відмінно,green
2192,50.39482058,30.50826615,0.03528038910283742,Відмінно,green
2195,50.39482936,30.50827385,0.1469927476763144,Відмінно,green
2199,50.39484731,30.50828651,0.40494829810376476,Відмінно,green
2202,50.394882,30.50830944,0.23654122834000998,Відмінно,green
2206,50.39493812,30.50834478,0.4588566493687303,Відмінно,green
2209,50.39500179,30.50838818,0.3314736747410698,Відмінно,green
2213,50.39507514,30.50844073,0.18781928401131173,Відмінно,green
2216,50.39515197,30.50849237,0.242174074663326,Відмінно,green
2220,50.39523972,30.50854962,0.42511834228909806,Відмінно,green
2223,50.39533708,30.50861138,0.3703796549883261,Відмінно,green
2227,50.39543741,30.50866836,0.6344474973896859,Добре,lightgreen
2230,50.39553153,30.50873528,0.5934307906430611,Добре,lightgreen
2234,50.39562191,30.50880129,0.46749796079060524,Відмінно,green
2237,50.39571936,30.50886878,0.23991704604976707,Відмінно,green
2241,50.39581385,30.50893442,0.4511532645993608,Відмінно,green
2244,50.39590848,30.50899786,0.6468244699578162,Добре,lightgreen
2248,50.39600218,30.50906324,0.45588253427448716,Відмінно,green
2251,50.39609512,30.50913078,0.49014061482954463,Відмінно,green
2255,50.39618083,30.50919496,0.8126579486416993,Добре,lightgreen
2258,50.39627144,30.50925932,0.8254349104239296,Добре,lightgreen
2262,50.396351,30.50931692,0.657451223309318,Добре,lightgreen
2265,50.39641879,30.50935711,0.14513554935845466,Відмінно,green
2268,50.39647809,30.50939369,0.19791946818015244,Відмінно,green
2272,50.39653162,30.50942802,0.33579609361889506,Відмінно,green
2276,50.39657789,30.50946499,0.18350003161361095,Відмінно,green
2279,50.39662135,30.50950333,0.12789048350380142,Відмінно,green
2282,50.396665,30.50953575,0.1316562148852475,Відмінно,green
2286,50.39670892,30.50957302,0.1530268982795519,Відмінно,green
2289,50.39674859,30.50960375,0.19260321277932477,Відмінно,green
2293,50.39677686,30.50962766,0.10608788660377493,Відмінно,green
2296,50.39679353,30.50963515,0.0862709863562331,Відмінно,green
2300,50.39680194,30.50964155,0.07066342981127544,Відмінно,green
2303,50.39680191,30.50964368,0.3155578227787576,Відмінно,green
2307,50.39680122,30.50964255,0.035710125988646244,Відмінно,green
2310,50.39680589,30.50964573,0.07952725395002101,Відмінно,green
2314,50.39681713,30.50965377,0.0720589931509552,Відмінно,green
2317,50.3968281,30.50966037,0.052179909688710766,Відмінно,green
2321,50.39683222,30.50966365,0.43083929324288067,Відмінно,green
2325,50.39683287,30.50966334,0.02996226145594199,Відмінно,green
2328,50.39683325,30.50966378,0.02307277259621477,Відмінно,green
2331,50.39683364,30.5096635,0.016721295520766694,Відмінно,green
2335,50.39683361,30.50966305,0.02478072210595735,Відмінно,green
2338,50.39683371,30.50966166,0.01744265084682851,Відмінно,green
2342,50.39683409,30.50966153,0.013671724016054761,Відмінно,green
2345,50.39683394,30.5096606,0.011262585070937574,Відмінно,green
2349,50.39683356,30.5096608,0.013781228639805698,Відмінно,green
2352,50.39683278,30.5096611,0.013717669447712104,Відмінно,green
2356,50.39683253,30.50966085,0.01660786331724189,Відмінно,green
2359,50.39683235,30.50966075,0.01932948859952745,Відмінно,green
2363,50.3968321,30.5096607,0.029298667589947456,Відмінно,green
2366,50.39683198,30.50966065,0.022207767226224823,Відмінно,green
2370,50.39683202,30.50966065,0.021850659734603806,Відмінно,green
2373,50.39683205,30.50966066,0.02045669126834102,Відмінно,green
2377,50.39683205,30.50966071,0.018628071266751995,Відмінно,green
2380,50.39683208,30.50966071,0.01623199471256266,Відмінно,green
2384,50.39683211,30.50966075,0.015605692475983887,Відмінно,green
2387,50.39683213,30.50966077,0.01437786300622765,Відмінно,green
2391,50.39683214,30.50966079,0.015412761727021853,Відмінно,green
2394,50.39683215,30.5096608,0.015301116073863936,Відмінно,green
2398,50.39683206,30.50966077,0.010503943420091703,Відмінно,green
2401,50.39683204,30.50966077,0.01688068304537377,Відмінно,green
2405,50.39683203,30.50966078,0.011590683536357175,Відмінно,green
2408,50.39683203,30.50966079,0.020101567143325044,Відмінно,green
2412,50.39683204,30.50966085,0.01763709300594529,Відмінно,green
2415,50.39683188,30.50966099,0.014678189424257755,Відмінно,green
2419,50.39683163,30.5096612,0.018735713264570814,Відмінно,green
2422,50.39683164,30.50966125,0.015529767002210582,Відмінно,green
2426,50.39683162,30.50966127,0.013629222163963771,Відмінно,green
2429,50.39683161,30.50966129,0.010255638568185354,Відмінно,green
2433,50.3968316,30.50966131,0.015079072890121356,Відмінно,green
2436,50.39683162,30.50966133,0.012033268636664858,Відмінно,green
2440,50.39683163,30.50966134,0.019796488415193735,Відмінно,green
2443,50.3968319,30.50966139,0.017044522940282424,Відмінно,green
2447,50.39683198,30.50966142,0.0189054501705544,Відмінно,green
2450,50.39683201,30.50966144,0.01495265415967919,Відмінно,green
2454,50.39683201,30.50966146,0.020852545776403674,Відмінно,green
2457,50.39683212,30.5096615,0.017548966071901435,Відмінно,green
2461,50.39683215,30.50966152,0.022250769320531206,Відмінно,green
2464,50.39683216,30.50966153,0.025953359821453047,Відмінно,green
2468,50.39683221,30.50966148,0.023416767906178044,Відмінно,green
2471,50.39683227,30.50966149,0.01710596312252651,Відмінно,green
2475,50.39683229,30.50966149,0.014445561262649325,Відмінно,green
2478,50.39683254,30.50966156,0.021497749313419794,Відмінно,green
2482,50.39683261,30.50966158,0.014070067737758553,Відмінно,green
2485,50.39683264,30.50966159,0.014757616479693366,Відмінно,green
2489,50.39683264,30.50966159,0.015439567499845697,Відмінно,green
2492,50.39683265,30.5096616,0.013924670337586521,Відмінно,green
2496,50.39683265,30.5096616,0.017448938271507317,Відмінно,green
2499,50.39683265,30.5096616,0.015510319457043339,Відмінно,green
2503,50.39683265,30.5096616,0.018568958935972775,Відмінно,green
2506,50.39683266,30.5096616,0.02381420270429202,Відмінно,green
2510,50.39683504,30.50966314,0.07468400648264824,Відмінно,green
2513,50.3968414,30.50966712,0.076487429167579,Відмінно,green
2517,50.39684859,30.50967102,0.1124435622945598,Відмінно,green
2520,50.39685952,30.50967743,0.09640036671021122,Відмінно,green
2524,50.39687588,30.50968765,0.1366087189160625,Відмінно,green
2527,50.39689482,30.50970039,0.07851792516572134,Відмінно,green
2531,50.3969191,30.50971585,0.11227841723768868,Відмінно,green
2534,50.39695097,30.50973828,0.14543854674858203,Відмінно,green
2538,50.39699186,30.50976524,0.11241662362904996,Відмінно,green
2541,50.39704636,30.50980201,0.12586199081340194,Відмінно,green
2544,50.39710351,30.50984081,0.16595121056478127,Відмінно,green
2548,50.39716816,30.50988645,0.17598760472942263,Відмінно,green
2551,50.39723648,30.50993852,0.27537200329301004,Відмінно,green
2555,50.39731037,30.50999945,0.2186355459426959,Відмінно,green
2558,50.39738437,30.51006573,0.10496704102032008,Відмінно,green
2562,50.39745881,30.51013042,0.1682751015674853,Відмінно,green
2565,50.39753805,30.51020024,0.14693880602746268,Відмінно,green
2569,50.39761943,30.5102909,0.1687417799313134,Відмінно,green
2572,50.39770248,30.51037503,0.1870715665233274,Відмінно,green
2576,50.39778981,30.51046661,0.22380721604165704,Відмінно,green
2579,50.39787789,30.51056028,0.20828740682474656,Відмінно,green
2583,50.39796754,30.51065516,0.14939383391983688,Відмінно,green
2586,50.39806088,30.51075357,0.13632863008524357,Відмінно,green
2590,50.39815499,30.51085397,0.3243114213549354,Відмінно,green
2593,50.39824788,30.5109547,0.18935100932046373,Відмінно,green
2597,50.3983394,30.51105651,0.1368640391526913,Відмінно,green
2600,50.39843261,30.51116022,0.16657379849023002,Відмінно,green
2604,50.39852772,30.51127003,0.1440091212030127,Відмінно,green
2607,50.39862511,30.51138663,0.11824999099031043,Відмінно,green
2611,50.39872453,30.51150677,0.14983336794440244,Відмінно,green
2614,50.39882579,30.51162844,0.11896623951574108,Відмінно,green
2618,50.39893274,30.51175754,0.25859504168490915,Відмінно,green
2621,50.39903731,30.51188543,0.13935512147460127,Відмінно,green
2625,50.39913871,30.5120086,0.09943904121417498,Відмінно,green
2628,50.39923657,30.51212776,0.1190813649460926,Відмінно,green
2632,50.39933564,30.5122455,0.1150994435115882,Відмінно,green
2635,50.39942777,30.51235873,0.12728509890683365,Відмінно,green
2639,50.39951581,30.51246589,0.2445748571787431,Відмінно,green
2642,50.39960229,30.51257074,0.0919549674999443,Відмінно,green
2646,50.39968585,30.51267132,0.18293700721762693,Відмінно,green
2649,50.3997668,30.51276951,0.11673578192100369,Відмінно,green
2653,50.39984622,30.51286666,0.1369359082038521,Відмінно,green
2656,50.39992426,30.51296181,0.1573676998273247,Відмінно,green
2660,50.4000058,30.51306058,0.20687922007962242,Відмінно,green
2663,50.40009084,30.51316409,0.06639932486738169,Відмінно,green
2667,50.40017688,30.51326905,0.11577660179502564,Відмінно,green
2670,50.40026503,30.51337608,0.11728695594411388,Відмінно,green
2674,50.40035858,30.51349085,0.21798119730402446,Відмінно,green
2677,50.40045415,30.51360758,0.10854851732256027,Відмінно,green
2681,50.40055142,30.5137265,0.15786105674151288,Відмінно,green
2684,50.4006523,30.51384842,0.1395128454570102,Відмінно,green
2688,50.40075736,30.51397509,0.10837436621781495,Відмінно,green
2691,50.40086017,30.51409721,0.08379431604070546,Відмінно,green
2695,50.40096139,30.51421475,0.13979506995206217,Відмінно,green
2698,50.4010612,30.51432804,0.13423486582259955,Відмінно,green
2702,50.40115967,30.51443793,0.18338726745330683,Відмінно,green
2705,50.40125321,30.51453901,0.10533808518158998,Відмінно,green
2709,50.40133998,30.51463162,0.12322016180687294,Відмінно,green
2712,50.40141863,30.51471537,0.15110821179236078,Відмінно,green
2716,50.40149333,30.51479402,0.19107654475591251,Відмінно,green
2719,50.40156347,30.51486797,0.18140295542778614,Відмінно,green
2723,50.401629,30.51493733,0.14012435860066505,Відмінно,green
2726,50.40169115,30.5150022,0.22318836645847595,Відмінно,green
2730,50.40175392,30.51506848,0.13119748648960555,Відмінно,green
2733,50.40181995,30.5151359,0.14459596110491882,Відмінно,green
2737,50.40189049,30.51520882,0.08512607444994841,Відмінно,green
2740,50.40196752,30.51529055,0.11699586566924917,Відмінно,green
2744,50.40205259,30.51538152,0.14742128287497552,Відмінно,green
2747,50.40213997,30.51547445,0.1214959702336255,Відмінно,green
2751,50.40222724,30.51556476,0.16382806079936454,Відмінно,green
2754,50.40230968,30.51564497,0.4218227783399986,Відмінно,green
2758,50.40238784,30.5157172,0.29120977924853614,Відмінно,green
2761,50.40246322,30.51578264,0.14480703902598127,Відмінно,green
2765,50.40253402,30.51584268,0.2990508617308756,Відмінно,green
2768,50.40260289,30.51589815,0.23630194883374012,Відмінно,green
2772,50.40267397,30.51595429,0.10124939562504927,Відмінно,green
2775,50.40274934,30.51601014,0.3096464488770018,Відмінно,green
2779,50.40282404,30.51606461,0.39431331569630024,Відмінно,green
2782,50.40289802,30.51611613,0.5742400495792896,Добре,lightgreen
2786,50.40297453,30.51616808,0.3215859640061336,Відмінно,green
2789,50.40305204,30.51622074,0.1557696416234612,Відмінно,green
2793,50.40313371,30.51627659,0.20938738291791656,Відмінно,green
2796,50.40321962,30.51633723,0.40643357688039505,Відмінно,green
2800,50.40331177,30.51640469,0.6508618116939096,Добре,lightgreen
2803,50.40340616,30.51647691,0.21958132619339468,Відмінно,green
2807,50.40350465,30.51655665,0.29175120160111134,Відмінно,green
2810,50.40360278,30.5166396,0.343846496692055,Відмінно,green
2814,50.40370039,30.5167278,0.3770795730887798,Відмінно,green
2817,50.4038013,30.51681778,0.4520410790292916,Відмінно,green
2820,50.40390144,30.51690801,0.514706485222455,Добре,lightgreen
2824,50.40400197,30.51698934,0.6347351110019349,Добре,lightgreen
2827,50.40410726,30.51706147,0.3002701272167982,Відмінно,green
2831,50.40421478,30.51713094,0.16032207069602322,Відмінно,green
2835,50.40432244,30.51719819,0.22396397265297877,Відмінно,green
2838,50.4044316,30.51726739,0.1973406176364371,Відмінно,green
2841,50.40454522,30.51734,0.11504119942427869,Відмінно,green
2845,50.40465823,30.51741152,0.7096323827219879,Добре,lightgreen
2848,50.40476833,30.51748229,1.0201586630930397,Задовільно,orange
2852,50.40488006,30.51755359,0.2678037263173316,Відмінно,green
2855,50.40499,30.51762796,0.2198175436512064,Відмінно,green
2859,50.40509266,30.51770244,0.3364273021065045,Відмінно,green
2862,50.4051841,30.51777633,0.16670485856824538,Відмінно,green
2866,50.40526118,30.51785057,0.34560393963770975,Відмінно,green
2869,50.40532232,30.51793047,0.845564314611744,Добре,lightgreen
2873,50.40537021,30.51801571,0.3771384286813572,Відмінно,green
2876,50.40540536,30.51810563,0.5939380876484707,Добре,lightgreen
2880,50.40542957,30.51820557,0.3040459340267606,Відмінно,green
2883,50.40544722,30.51832194,0.27628176835633905,Відмінно,green
2887,50.40545927,30.51845585,0.20781757401316966,Відмінно,green
2890,50.40546771,30.51860193,0.2537192773579413,Відмінно,green
2894,50.40547457,30.51876322,0.43409444620925236,Відмінно,green
2897,50.40548033,30.51893374,0.3351078777270143,Відмінно,green
2901,50.40548611,30.51910486,0.25756525936978103,Відмінно,green
2904,50.40549197,30.51927322,0.335652376491107,Відмінно,green
2908,50.40550096,30.51944213,0.3892223175905466,Відмінно,green
2911,50.40551864,30.51960799,0.38550055982860093,Відмінно,green
2915,50.40555135,30.5197642,0.3769296710492945,Відмінно,green
2918,50.40559866,30.51990917,0.22951575526115234,Відмінно,green
2922,50.40565631,30.52003953,0.45613226418204533,Відмінно,green
2925,50.40572004,30.52016629,0.401139862546166,Відмінно,green
2929,50.40578672,30.52029356,0.28741967343783764,Відмінно,green
2932,50.40585029,30.52041845,0.7026375140280713,Добре,lightgreen
2936,50.4059127,30.52054696,0.701791504541145,Добре,lightgreen
2939,50.40596978,30.52068245,0.4421483160157956,Відмінно,green
2943,50.40601366,30.52082929,0.7164820061007386,Добре,lightgreen
2946,50.40603831,30.52097735,0.3766263338169985,Відмінно,green
2950,50.40604843,30.52112414,0.9543602113869868,Добре,lightgreen
2953,50.40604279,30.5212557,0.43113921081745105,Відмінно,green
2957,50.40603047,30.5213557,0.33344864524261636,Відмінно,green
2960,50.40601781,30.52142738,0.18811073505001277,Відмінно,green
2964,50.40600626,30.52147975,0.17652634544732476,Відмінно,green
2967,50.40599467,30.5215265,0.21812021473471052,Відмінно,green
2971,50.40598499,30.52156654,0.17348211744649447,Відмінно,green
2974,50.40597985,30.52158737,0.09662606026191324,Відмінно,green
2978,50.40597827,30.52159264,0.40293849552849215,Відмінно,green
2981,50.40597772,30.52159394,0.032097480416328275,Відмінно,green
2985,50.40597771,30.52159393,0.01899112564964975,Відмінно,green
2988,50.40597771,30.52159393,0.039426518928398636,Відмінно,green
2992,50.40597666,30.52159696,0.05642347084301301,Відмінно,green
2995,50.40597473,30.52160416,0.04371910156393421,Відмінно,green
2999,50.40597242,30.52161428,0.08580004242617381,Відмінно,green
3002,50.40596871,30.52163016,0.07251887225898164,Відмінно,green
3006,50.40596098,30.5216623,0.21902051115345927,Відмінно,green
3009,50.40594549,30.52171058,0.2633564978109215,Відмінно,green
3013,50.4059153,30.52177364,0.359383302761141,Відмінно,green
3016,50.40586898,30.52184655,0.40279433243741214,Відмінно,green
3020,50.40581122,30.52192695,0.20778083637953096,Відмінно,green
3023,50.40573916,30.52202435,0.215224492742979,Відмінно,green
3027,50.40565928,30.52213464,0.27267744420514917,Відмінно,green
3030,50.40557135,30.52225368,0.3098547146110582,Відмінно,green
3034,50.4054756,30.52237749,0.2355180338797008,Відмінно,green
3037,50.4053712,30.52250707,0.23319329373581882,Відмінно,green
3041,50.40526725,30.52263483,0.3232076136581646,Відмінно,green
3044,50.40516848,30.52275701,0.2843969932053829,Відмінно,green
3048,50.40507474,30.52287834,0.24556338582638262,Відмінно,green
3051,50.40498809,30.52299445,0.29093890695237085,Відмінно,green
3055,50.40491109,30.52310227,0.1617055781093317,Відмінно,green
3058,50.40484324,30.52320029,0.20419585920188837,Відмінно,green
3062,50.40478513,30.52328334,0.25172678024771533,Відмінно,green
3065,50.40473288,30.52335746,0.1725311938543596,Відмінно,green
3069,50.40468434,30.52342549,0.14785348834413584,Відмінно,green
3072,50.40463895,30.52348998,0.14860435271214267,Відмінно,green
3076,50.40459735,30.52355355,0.48030152085352834,Відмінно,green
3079,50.40455714,30.52362055,0.22972581039524115,Відмінно,green
3083,50.40451396,30.52369439,0.23421751310645594,Відмінно,green
3086,50.40446617,30.52377778,0.27782142455176406,Відмінно,green
3090,50.40441524,30.52387462,0.25846977926592063,Відмінно,green
3093,50.40436275,30.52398567,0.4359575825398229,Відмінно,green
3097,50.40431485,30.5241049,0.5271126841479348,Добре,lightgreen
3100,50.40427353,30.52423154,0.3644230730294042,Відмінно,green
3103,50.40423857,30.52436958,0.21907717801759882,Відмінно,green
3107,50.40421117,30.52451724,0.2800853635756834,Відмінно,green
3110,50.40419337,30.52467359,0.2647474338349415,Відмінно,green
3114,50.4041848,30.52483824,0.1461250852739134,Відмінно,green
3117,50.40418469,30.52501007,0.22968547550283863,Відмінно,green
3121,50.40419126,30.52519664,0.1794273721333609,Відмінно,green
3124,50.40420533,30.52539083,0.3351298439667138,Відмінно,green
3128,50.40422423,30.52558832,0.2771282629719735,Відмінно,green
3131,50.40425182,30.52579147,0.150368950260696,Відмінно,green
3135,50.40428978,30.52600795,0.24110655992057298,Відмінно,green
3138,50.40433376,30.52622903,0.2421935433821411,Відмінно,green
3142,50.40437963,30.52645538,0.22950370374404103,Відмінно,green
3145,50.40442737,30.52669511,0.2236656213740041,Відмінно,green
3149,50.4044742,30.52694952,0.225795501396959,Відмінно,green
3152,50.40451648,30.52721165,0.2966214611306129,Відмінно,green
3156,50.40455599,30.52747621,0.24063793601464958,Відмінно,green
3159,50.40459424,30.52775033,0.3105083498957712,Відмінно,green
3163,50.40462956,30.52803325,0.36016831575997027,Відмінно,green
3166,50.40465983,30.5283219,0.3429226059943652,Відмінно,green
3170,50.40468421,30.52861347,0.45844068786120556,Відмінно,green
3173,50.40470412,30.52890274,0.2799949043940942,Відмінно,green
3177,50.4047178,30.52919596,0.3872666383613253,Відмінно,green
3180,50.40472547,30.52949065,0.36393199433953305,Відмінно,green
3184,50.4047229,30.5297719,0.31344898537345744,Відмінно,green
3187,50.40470952,30.5300511,0.22653362432541838,Відмінно,green
3191,50.40468685,30.53032293,0.4814962968917992,Відмінно,green
3194,50.40465743,30.53057972,0.40681519516421394,Відмінно,green
3198,50.40462675,30.53080914,0.26034829036436513,Відмінно,green
3201,50.40459553,30.53102452,0.2076751103769771,Відмінно,green
3205,50.4045671,30.53123627,0.1743712411370462,Відмінно,green
3208,50.40453845,30.53145477,0.2609464378319458,Відмінно,green
3212,50.40450386,30.53168199,0.5474022197395558,Добре,lightgreen
3215,50.40446525,30.5319134,0.15005905376561987,Відмінно,green
3219,50.40442236,30.53215474,0.1791853241931048,Відмінно,green
3222,50.4043741,30.53240595,0.3323784666189758,Відмінно,green
3226,50.40432234,30.53265242,0.3211508102214099,Відмінно,green
3229,50.40426574,30.53290029,0.2767688873529692,Відмінно,green
3233,50.40420255,30.53315384,0.1541915619275101,Відмінно,green
3236,50.40413455,30.53340885,0.19464351708796618,Відмінно,green
3240,50.40406509,30.53365466,0.3992110512703724,Відмінно,green
3243,50.40398947,30.53390162,0.3099582961851768,Відмінно,green
3247,50.40390964,30.53414569,0.28506844828005595,Відмінно,green
3250,50.40382701,30.53438735,0.2014835086610127,Відмінно,green
3254,50.40374531,30.53462676,0.3042899842730886,Відмінно,green
3257,50.40366549,30.53486559,0.20792386222532191,Відмінно,green
3261,50.4035894,30.53510234,0.1523403468913799,Відмінно,green
3264,50.40351741,30.53533583,0.2403290898310135,Відмінно,green
3268,50.40345108,30.53556821,0.2427130824016328,Відмінно,green
3271,50.4033912,30.53579197,0.4618769014688066,Відмінно,green
3275,50.40333499,30.53600412,0.17492235771394035,Відмінно,green
3278,50.40328262,30.53619899,0.16136344714464812,Відмінно,green
3282,50.40323709,30.53636461,0.17870527879324635,Відмінно,green
3285,50.4031977,30.53650662,0.18533126324075297,Відмінно,green
3289,50.40316492,30.53662522,0.18323045386651568,Відмінно,green
3292,50.40313842,30.53672159,0.13238490721066867,Відмінно,green
3296,50.40311543,30.53680665,0.10145453450386095,Відмінно,green
3299,50.40309447,30.53688623,0.14508386855807498,Відмінно,green
3303,50.40307326,30.53696447,0.1224275966871871,Відмінно,green
3306,50.40305194,30.53704652,0.17754415541938728,Відмінно,green
3310,50.40302734,30.53714159,0.18624281124606468,Відмінно,green
3313,50.403,30.53724759,0.20003266829195815,Відмінно,green
3317,50.40296803,30.53737016,0.1496915984573519,Відмінно,green
3320,50.40293397,30.53750314,0.11971873396038904,Відмінно,green
3324,50.40289853,30.5376426,0.13094533332855468,Відмінно,green
3327,50.40286535,30.53777945,0.16026335649053963,Відмінно,green
3331,50.4028328,30.5379148,0.1584801468793264,Відмінно,green
3334,50.40280286,30.53804247,0.22224126673750494,Відмінно,green
3338,50.40277575,30.53816505,0.188594261182562,Відмінно,green
3341,50.40274931,30.53828336,0.2443483788813121,Відмінно,green
3345,50.40271999,30.53840592,0.13285070650773836,Відмінно,green
3348,50.40268536,30.53853898,0.19207629334259332,Відмінно,green
3352,50.40264981,30.53867826,0.13579382893820494,Відмінно,green
3355,50.40261736,30.53882277,0.19013280211528893,Відмінно,green
3359,50.4025859,30.53897586,0.363730325445547,Відмінно,green
3362,50.40255751,30.53913114,0.29565374385516285,Відмінно,green
3366,50.40253076,30.53929043,0.21430499574091647,Відмінно,green
3369,50.40250508,30.53944875,0.19355478762235043,Відмінно,green
3373,50.40247946,30.53961166,0.1146486352454463,Відмінно,green
3376,50.4024567,30.53976906,0.18385863807444147,Відмінно,green
3380,50.40243406,30.53992307,0.11268953117848879,Відмінно,green
3383,50.40241246,30.54007015,0.15271388379364853,Відмінно,green
3386,50.40238909,30.54021612,0.13414078994212128,Відмінно,green
3390,50.40236106,30.54035711,0.3372430303269045,Відмінно,green
3393,50.40232758,30.54049601,0.37658354012371714,Відмінно,green
3397,50.40229011,30.54063188,0.23238023349861545,Відмінно,green
3400,50.40225058,30.54077255,0.45886151418538723,Відмінно,green
3404,50.4022211,30.54091571,0.4300835786807546,Відмінно,green
3407,50.40220088,30.54106221,0.3504339033387154,Відмінно,green
3411,50.40218387,30.54121519,0.2897326283774474,Відмінно,green
3414,50.40216732,30.54138166,0.4917085736449156,Відмінно,green
3418,50.40215046,30.54155352,0.3838037411490659,Відмінно,green
3421,50.40213307,30.54173227,0.34081407719729206,Відмінно,green
3425,50.40211487,30.54191404,0.39222592308377996,Відмінно,green
3428,50.4020974,30.54210725,0.3430348227009007,Відмінно,green
3432,50.4020819,30.54229787,0.3246024516806359,Відмінно,green
3435,50.40206864,30.54248582,0.5710201576974999,Добре,lightgreen
3439,50.40205662,30.5426664,0.14113138427986652,Відмінно,green
3442,50.40204588,30.54284504,0.2594973565551864,Відмінно,green
3446,50.40203633,30.54301452,0.156733883471141,Відмінно,green
3449,50.40202797,30.54316963,0.3495368236830613,Відмінно,green
3453,50.40202049,30.54330804,0.49070137647843176,Відмінно,green
3456,50.40201149,30.54343124,0.24540804311370115,Відмінно,green
3460,50.4019959,30.54352823,0.1616457496477906,Відмінно,green
3463,50.40196552,30.54359972,0.6643887742652385,Добре,lightgreen
3467,50.40192288,30.54363721,0.5883852030818145,Добре,lightgreen
3470,50.40187688,30.5436373,0.48705945574370685,Відмінно,green
3474,50.40183989,30.54361039,0.5050670639557093,Добре,lightgreen
3477,50.40181304,30.54356657,0.472628111365239,Відмінно,green
3481,50.4017864,30.54351212,0.23805263164594595,Відмінно,green
3484,50.40175586,30.54344599,0.34285412253251757,Відмінно,green
3488,50.40171926,30.5433717,0.8684848731779283,Добре,lightgreen
3491,50.40167717,30.54328925,0.47041467244462426,Відмінно,green
3495,50.40163248,30.54320227,0.5729462792405969,Добре,lightgreen
3498,50.40158002,30.54310981,1.1620146905567603,Задовільно,orange
3502,50.40152372,30.54302658,0.44819872601107374,Відмінно,green
3505,50.40146375,30.5429462,0.16871485165744143,Відмінно,green
3509,50.4014008,30.54287487,0.6575332748551721,Добре,lightgreen
3512,50.40133148,30.54281054,0.32481473203859146,Відмінно,green
3516,50.40125915,30.54275575,0.4456726548692657,Відмінно,green
3519,50.40118325,30.54270877,0.3024357870219007,Відмінно,green
3523,50.4011036,30.54266576,0.3201923881478402,Відмінно,green
3526,50.40102102,30.54262359,0.21997120539673617,Відмінно,green
3530,50.40093623,30.54258141,0.5346092105095678,Добре,lightgreen
3533,50.40085223,30.54253661,0.4493017970741827,Відмінно,green
3537,50.40077217,30.54248245,0.20565646584112418,Відмінно,green
3540,50.40070012,30.54241751,0.4250504471373379,Відмінно,green
3544,50.40064071,30.5423411,0.44214750681452536,Відмінно,green
3547,50.4005937,30.54225276,0.49369932950706397,Відмінно,green
3551,50.40055753,30.54216036,0.6295043440146869,Добре,lightgreen
3554,50.40052277,30.54206424,0.273275282027852,Відмінно,green
3558,50.40048539,30.54196418,0.5930581566581112,Добре,lightgreen
3561,50.40044507,30.54185968,0.5461093636007706,Добре,lightgreen
3565,50.40040081,30.54175444,0.6163661582944722,Добре,lightgreen
3568,50.4003542,30.54165002,0.6968747378513579,Добре,lightgreen
3572,50.40031039,30.54155253,0.8520999685459553,Добре,lightgreen
3575,50.40027294,30.54146321,0.5472495927358975,Добре,lightgreen
3579,50.40024241,30.54138439,0.5239745840936755,Добре,lightgreen
3582,50.40021647,30.54131736,0.3277712708130344,Відмінно,green
3586,50.40019735,30.54126187,0.2979953472892598,Відмінно,green
3589,50.40018219,30.54121629,1.169353628614341,Задовільно,orange
3593,50.40016967,30.54117922,0.6139731555777218,Добре,lightgreen
3596,50.40015806,30.541146,0.42589756694772696,Відмінно,green
3600,50.40014832,30.54111201,0.7524363274011243,Добре,lightgreen
3603,50.40013784,30.54107887,0.5540550615190221,Добре,lightgreen
3607,50.40012809,30.54104313,1.080581083029442,Задовільно,orange
3610,50.40011615,30.54100468,0.9018879900313734,Добре,lightgreen
3614,50.40010377,30.54096211,0.7695998236633297,Добре,lightgreen
3617,50.40009095,30.54091899,0.5405797368952459,Добре,lightgreen
3621,50.40007823,30.5408749,0.5174869760913478,Добре,lightgreen
3624,50.40006653,30.54083038,0.5084242573545275,Добре,lightgreen
3628,50.4000568,30.54078358,0.8908596888120673,Добре,lightgreen
3631,50.40004577,30.54073767,1.0892743096154045,Задовільно,orange
3635,50.40003352,30.54069224,0.7979339288208643,Добре,lightgreen
3638,50.40002333,30.54064696,0.41197492896552645,Відмінно,green
3642,50.40001237,30.54060186,0.42957075471324274,Відмінно,green
3645,50.40000093,30.54055528,0.41458178712661664,Відмінно,green
3649,50.39998928,30.54050663,0.3464515210699795,Відмінно,green
3652,50.39997756,30.54045771,0.7780636495740046,Добре,lightgreen
3655,50.39996729,30.54041216,0.5095717466112799,Добре,lightgreen
3659,50.3999587,30.54036898,0.3574607178388842,Відмінно,green
3662,50.39995079,30.54032586,0.5658812264792779,Добре,lightgreen
3666,50.39994128,30.54028049,1.0469656826488045,Задовільно,orange
3669,50.39993282,30.54023395,0.7791316493356282,Добре,lightgreen
3673,50.39992202,30.54018578,0.4120081454000804,Відмінно,green
3676,50.39990893,30.54012817,0.4628872298788489,Відмінно,green
3680,50.39989459,30.54006144,0.36891565637342727,Відмінно,green
3683,50.39987761,30.53998517,0.37418053696506326,Відмінно,green
3687,50.39986081,30.53990368,0.544497333491064,Добре,lightgreen
3690,50.39984373,30.53981604,0.930160462062554,Добре,lightgreen
3694,50.39982564,30.53972666,0.4427840559826365,Відмінно,green
3697,50.39980724,30.53963264,0.5907773285083538,Добре,lightgreen
3701,50.39978737,30.53953752,0.630063729054021,Добре,lightgreen
3704,50.39976522,30.53943494,0.6526612587055156,Добре,lightgreen
3708,50.3997432,30.53932973,0.5438504427555618,Добре,lightgreen
3711,50.39972044,30.53922063,0.39634753395849615,Відмінно,green
3715,50.39969693,30.5391085,0.44229274064437035,Відмінно,green
3718,50.39967392,30.53899456,0.3567283170914324,Відмінно,green
3722,50.39965192,30.53888091,0.2473249029964271,Відмінно,green
3725,50.39963047,30.53876806,0.6554271549502629,Добре,lightgreen
3729,50.39960983,30.53865973,0.6016857255550171,Добре,lightgreen
3732,50.39958973,30.53855224,0.508733847085432,Добре,lightgreen
3736,50.39956892,30.53844642,0.47485596282224113,Відмінно,green
3739,50.3995484,30.53834008,0.300365816233426,Відмінно,green
3743,50.39952929,30.53823797,0.6496516888114544,Добре,lightgreen
3746,50.39951169,30.5381368,0.9495018989612309,Добре,lightgreen
3750,50.3994951,30.53803066,0.6950158808264053,Добре,lightgreen
3753,50.39947929,30.53792831,0.7432163821828991,Добре,lightgreen
3757,50.39946613,30.53782842,0.7254743773948397,Добре,lightgreen
3760,50.39945496,30.53772173,0.9118546725976856,Добре,lightgreen
3764,50.39944428,30.53760726,1.0083422938954625,Задовільно,orange
3767,50.39943655,30.53748679,0.9246565197707656,Добре,lightgreen
3771,50.39942987,30.5373615,0.8197630448132606,Добре,lightgreen
3774,50.39942588,30.53723264,0.4806855597060198,Відмінно,green
3778,50.39942388,30.5371013,0.3498940390687278,Відмінно,green
3781,50.39942293,30.53697247,0.2666269520373376,Відмінно,green
3785,50.39942462,30.5368537,0.8890852213177081,Добре,lightgreen
3788,50.39942587,30.53674286,0.21489587695037163,Відмінно,green
3792,50.39942673,30.5366384,0.1612950877538456,Відмінно,green
3795,50.39942977,30.53655236,0.6817245602885688,Добре,lightgreen
3799,50.39943334,30.53648274,0.46206454673629793,Відмінно,green
3802,50.39943469,30.53641949,0.9741115527455275,Добре,lightgreen
3806,50.39943669,30.53635815,0.3443547565755971,Відмінно,green
3809,50.39943908,30.53629949,0.3249810054646988,Відмінно,green
3813,50.399441,30.53624342,0.3066058060917426,Відмінно,green
3816,50.39944294,30.5361912,0.5585767911222039,Добре,lightgreen
3820,50.39944463,30.53614103,0.6340033218177153,Добре,lightgreen
3823,50.39944733,30.53609305,0.8117414327358123,Добре,lightgreen
3827,50.3994489,30.53604973,0.5453105328505626,Добре,lightgreen
3830,50.39945084,30.53600401,0.5637103144409277,Добре,lightgreen
3834,50.39945377,30.53594824,0.7477591968555757,Добре,lightgreen
3837,50.39945735,30.53588683,0.4070410047184604,Відмінно,green
3841,50.39946028,30.53582439,0.9174326767908743,Добре,lightgreen
3844,50.3994645,30.53576066,0.5507408214358651,Добре,lightgreen
3848,50.39946845,30.53569874,0.21589450091993004,Відмінно,green
3851,50.39947132,30.53563951,0.6582629994169457,Добре,lightgreen
3855,50.39947334,30.53558722,1.2525338327660824,Задовільно,orange
3858,50.39947559,30.53553351,0.5414751927249963,Добре,lightgreen
3862,50.39947702,30.53548152,0.5040154139086747,Добре,lightgreen
3865,50.3994797,30.53542991,0.7964454172256938,Добре,lightgreen
3869,50.39948154,30.53538197,0.8719386793447162,Добре,lightgreen
3872,50.39948453,30.53532815,0.42840444247794124,Відмінно,green
3876,50.39948613,30.53526738,0.786890584804382,Добре,lightgreen
3879,50.3994879,30.53519813,0.7377342441646554,Добре,lightgreen
3883,50.39948965,30.53512208,0.2592798521681186,Відмінно,green
3886,50.39949191,30.53503363,0.7396408467305043,Добре,lightgreen
3890,50.39949514,30.53493416,0.35071531107630366,Відмінно,green
3893,50.39949871,30.53482444,0.7777490443485621,Добре,lightgreen
3897,50.39950193,30.5347111,0.5173031882064031,Добре,lightgreen
3900,50.3995056,30.53459062,0.6610719923237209,Добре,lightgreen
3904,50.39950878,30.53446339,0.44668943553036006,Відмінно,green
3907,50.39951262,30.53432798,0.3140721627261483,Відмінно,green
3911,50.39951573,30.53418936,1.1629380580946502,Задовільно,orange
3914,50.39952052,30.53404472,0.7011236436368171,Добре,lightgreen
3918,50.39952337,30.53389664,0.9806831517321797,Добре,lightgreen
3921,50.39952825,30.53375136,0.8033350580364232,Добре,lightgreen
3925,50.39953361,30.53360938,0.6818375696242299,Добре,lightgreen
3928,50.39954012,30.53346659,0.4271122259249727,Відмінно,green
3931,50.39954547,30.53332331,0.7842270033220838,Добре,lightgreen
3935,50.39955006,30.53317983,0.6492723177722405,Добре,lightgreen
3939,50.39955524,30.53303479,0.3675827392866609,Відмінно,green
3942,50.39956043,30.53288674,0.3261268740570877,Відмінно,green
3945,50.39956469,30.53273874,0.36389778974584125,Відмінно,green
3949,50.39956858,30.53258548,0.6897795297437762,Добре,lightgreen
3952,50.39957268,30.53243391,0.5890186553404445,Добре,lightgreen
3956,50.39957929,30.53228049,0.6200228788403487,Добре,lightgreen
3959,50.39958372,30.53212668,0.672289500884377,Добре,lightgreen
3963,50.39958726,30.53198398,0.5052959465779656,Добре,lightgreen
3966,50.39959068,30.53186274,0.23641384130884802,Відмінно,green
3970,50.39959229,30.53175866,0.4080941626717473,Відмінно,green
3973,50.39959519,30.53167071,0.37306103340665714,Відмінно,green
3977,50.39959853,30.53160141,0.36461069801235185,Відмінно,green
3980,50.39960124,30.53154838,0.3130102958714495,Відмінно,green
3984,50.39960315,30.53150226,0.3738408945811415,Відмінно,green
3987,50.39960588,30.53145382,1.0118810874224837,Задовільно,orange
3991,50.39960904,30.53140247,0.9740654999945912,Добре,lightgreen
3994,50.39961303,30.53134933,0.6829814620971286,Добре,lightgreen
3998,50.39962023,30.53129025,0.19500442236808524,Відмінно,green
4001,50.39962524,30.5312249,0.5858956351056002,Добре,lightgreen
4005,50.39963009,30.53115155,0.4471762100855935,Відмінно,green
4008,50.39963865,30.5310731,0.5484105307736549,Добре,lightgreen
4012,50.39964674,30.53098938,0.7542168731735504,Добре,lightgreen
4015,50.39965646,30.53089541,0.32316346692758846,Відмінно,green
4019,50.39966686,30.53079603,0.23139623636598203,Відмінно,green
4022,50.39967985,30.53068904,0.36939310191415664,Відмінно,green
4026,50.39969127,30.53057461,0.5339984328618238,Добре,lightgreen
4029,50.39970438,30.5304569,0.32764575093661874,Відмінно,green
4033,50.39971643,30.53033535,0.4156041194128231,Відмінно,green
4036,50.39972897,30.53021625,1.0483789483797967,Задовільно,orange
4040,50.39973812,30.53011317,0.8090259716899403,Добре,lightgreen
4043,50.39974936,30.5300232,0.6680066061197362,Добре,lightgreen
4047,50.39975855,30.52994407,1.1536525816883947,Задовільно,orange
4050,50.39976659,30.52987439,0.8091458931227937,Добре,lightgreen
4054,50.39977451,30.52981223,1.1510602201769096,Задовільно,orange
4057,50.39978084,30.52975092,0.5320201727159627,Добре,lightgreen
4061,50.39978768,30.52969189,0.34630742197246533,Відмінно,green
4064,50.39979338,30.52963425,0.5014472018273085,Добре,lightgreen
4068,50.39980172,30.52957489,0.6193802793901173,Добре,lightgreen
4071,50.39981379,30.52950355,0.260096526028183,Відмінно,green
4075,50.39983833,30.52942589,0.707583086473672,Добре,lightgreen
4078,50.39987646,30.5293505,0.7045741680419328,Добре,lightgreen
4082,50.39993102,30.52928257,0.2800435732018826,Відмінно,green
4085,50.3999959,30.52921942,0.9727946664582487,Добре,lightgreen
4089,50.4000685,30.5291508,0.6459232925815452,Добре,lightgreen
4092,50.4001467,30.52907381,0.7223568811813997,Добре,lightgreen
4096,50.4002294,30.52899088,0.22039502102641334,Відмінно,green
4099,50.40032129,30.52890229,0.36268132452963314,Відмінно,green
4103,50.40042052,30.528813,0.91985593148357,Добре,lightgreen
4106,50.40052514,30.52872128,0.5093847425034419,Добре,lightgreen
4110,50.40063221,30.52862505,0.5518856201314187,Добре,lightgreen
4113,50.40075024,30.52852269,0.4019896150042078,Відмінно,green
4117,50.40087161,30.52841876,0.9597495740362428,Добре,lightgreen
4120,50.40099462,30.52831282,0.6648835718055579,Добре,lightgreen
4124,50.4011217,30.52820301,0.45676588625254183,Відмінно,green
4127,50.4012552,30.52808574,0.2685779091781673,Відмінно,green
4131,50.40139267,30.5279673,0.5815855041801744,Добре,lightgreen
4134,50.40153204,30.52784642,0.46851707279401594,Відмінно,green
4138,50.40167499,30.52772199,0.3899739972866433,Відмінно,green
4141,50.40181953,30.52759415,1.2910121690441314,Задовільно,orange
4145,50.40196368,30.52745881,0.9815012755378365,Добре,lightgreen
4148,50.40210622,30.52731428,1.0833185008374662,Задовільно,orange
4152,50.40224658,30.52716326,0.4104674284170809,Відмінно,green
4155,50.40238786,30.5270022,0.4697822166397307,Відмінно,green
4159,50.40252619,30.52683533,0.7870127433684839,Добре,lightgreen
4162,50.40266292,30.52666242,0.8918670704439828,Добре,lightgreen
4166,50.40279364,30.52648764,0.5656523378280531,Добре,lightgreen
4169,50.40292288,30.52630674,0.33259150278383987,Відмінно,green
4173,50.40304788,30.52612859,0.2551467901090062,Відмінно,green
4176,50.40316906,30.52595627,0.520123719680892,Добре,lightgreen
4180,50.40329005,30.52578609,0.8052840181969917,Добре,lightgreen
4183,50.40341414,30.5256134,0.5358380221907526,Добре,lightgreen
4187,50.40353813,30.52544785,0.1549095442872929,Відмінно,green
4190,50.40366264,30.52528664,0.22933726605983304,Відмінно,green
4194,50.40378899,30.52513473,0.13454101653567527,Відмінно,green
4197,50.40391964,30.52498906,0.2753484820806376,Відмінно,green
4201,50.40405024,30.52484586,0.35062150084540894,Відмінно,green
4204,50.40417836,30.52469999,0.4526237290190328,Відмінно,green
4208,50.4042989,30.52454683,0.5283802387131097,Добре,lightgreen
4211,50.40441285,30.52437503,0.22691409814261845,Відмінно,green
4215,50.40451672,30.52418712,0.3185205591992434,Відмінно,green
4218,50.40461157,30.52399589,0.2074511955590099,Відмінно,green
4221,50.40470721,30.5238047,0.22834202353211538,Відмінно,green
4225,50.4048117,30.52361432,0.16021737785538803,Відмінно,green
4228,50.40492264,30.52343487,0.8612736468257011,Добре,lightgreen
4232,50.40503513,30.52326706,0.8122938476136699,Добре,lightgreen
4235,50.40514422,30.52311039,0.5361281166698852,Добре,lightgreen
4239,50.40524951,30.52295941,0.7828444420824189,Добре,lightgreen
4242,50.40534665,30.52282184,0.41682383953371255,Відмінно,green
4246,50.4054389,30.52268914,0.5822165491141672,Добре,lightgreen
4249,50.4055267,30.52256,0.313639256446645,Відмінно,green
4253,50.40561356,30.52243176,0.214135864832844,Відмінно,green
4256,50.40570417,30.52230156,0.20343536859126804,Відмінно,green
4260,50.40579889,30.52217211,0.5602678260259182,Добре,lightgreen
4263,50.40589509,30.52204512,0.3510585553755176,Відмінно,green
4267,50.40599722,30.52191191,0.4491945118099008,Відмінно,green
4270,50.40610315,30.52177296,0.24032176821096676,Відмінно,green
4274,50.40620656,30.52163083,0.20208668333720808,Відмінно,green
4277,50.40631235,30.52148173,0.44586000355615985,Відмінно,green
4281,50.40642086,30.52132177,0.4062903632627683,Відмінно,green
4284,50.40652311,30.52115542,0.22971169661505936,Відмінно,green
4288,50.40661672,30.52098495,0.4346362832530609,Відмінно,green
4291,50.40670393,30.5208066,0.235648297014586,Відмінно,green
4295,50.40678814,30.52061476,0.3611840023617699,Відмінно,green
4298,50.40686515,30.52041877,0.29178637666184326,Відмінно,green
4302,50.40693803,30.52021623,0.2330444928242187,Відмінно,green
4305,50.40700551,30.52000946,0.19275459437675188,Відмінно,green
4309,50.40706896,30.51979468,0.4415111154108355,Відмінно,green
4312,50.40712692,30.51957531,0.2983645876957022,Відмінно,green
4316,50.40717815,30.51935734,0.4741445556359479,Відмінно,green
4319,50.40722138,30.51914514,0.35853286034424664,Відмінно,green
4323,50.40726026,30.51893237,1.0766794306333518,Задовільно,orange
4326,50.40728992,30.51872345,0.7156451962444422,Добре,lightgreen
4330,50.40730936,30.51853497,0.3914100285624635,Відмінно,green
4333,50.40732209,30.51835874,0.35817576160801523,Відмінно,green
4337,50.40733019,30.51819074,0.2246028580436357,Відмінно,green
4340,50.40733584,30.51803361,0.19358221627261518,Відмінно,green
4344,50.40733781,30.51788847,0.7240103524704957,Добре,lightgreen
4347,50.40733874,30.51775092,0.5258052580993341,Добре,lightgreen
4351,50.40733739,30.51761849,0.23542078027021998,Відмінно,green
4354,50.40733593,30.51749379,0.2098544284546121,Відмінно,green
4358,50.40733166,30.51737569,0.2045658742854775,Відмінно,green
4361,50.40732728,30.51726866,0.22049548143784742,Відмінно,green
4365,50.40732126,30.51717012,0.18734839462151284,Відмінно,green
4368,50.40731355,30.51708112,0.19020941614167733,Відмінно,green
4372,50.40730572,30.5170014,0.2071872870159205,Відмінно,green
4375,50.40729766,30.51693117,0.16163182467769352,Відмінно,green
4379,50.40728955,30.51686452,0.14920118018943926,Відмінно,green
4382,50.40728071,30.51679714,0.19088078361147953,Відмінно,green
4386,50.40727141,30.51672066,0.21099874372855063,Відмінно,green
4389,50.40726034,30.5166305,0.30001525385172806,Відмінно,green
4393,50.40724782,30.51652457,0.23270382304103743,Відмінно,green
4396,50.40723265,30.51641249,0.27228087232131987,Відмінно,green
4400,50.40721717,30.51629248,0.34372122634488117,Відмінно,green
4403,50.40719959,30.51616196,0.34869370407230177,Відмінно,green
4407,50.40718269,30.51602139,0.26859521365035743,Відмінно,green
4410,50.40716683,30.51587085,0.25439193038139574,Відмінно,green
4414,50.40715377,30.51571359,0.18897140020398037,Відмінно,green
4417,50.40714428,30.51555599,0.2865398745975652,Відмінно,green
4421,50.40714062,30.51539265,0.2532094581470567,Відмінно,green
4424,50.40714329,30.51522826,0.2798763214870044,Відмінно,green
4428,50.40715083,30.51506391,0.330604778481887,Відмінно,green
4431,50.40716175,30.51490374,0.22931493616557377,Відмінно,green
4435,50.40717359,30.51474032,0.19434393860618027,Відмінно,green
4438,50.40718572,30.51457951,0.28319234893263673,Відмінно,green
4442,50.40719851,30.51441876,0.453241846910332,Відмінно,green
4445,50.40721142,30.51425676,0.5096353744409385,Добре,lightgreen
4449,50.40722497,30.5140869,0.347337566647673,Відмінно,green
4452,50.40723818,30.51391646,0.18583058307453676,Відмінно,green
4456,50.4072517,30.51374307,0.44660517910539516,Відмінно,green
4459,50.40726365,30.51356863,0.20827215368748347,Відмінно,green
4463,50.40727425,30.51339449,0.21017621554007584,Відмінно,green
4466,50.40728407,30.51321938,0.20851052881466517,Відмінно,green
4470,50.4072942,30.51304865,0.2646789203991932,Відмінно,green
4473,50.40730492,30.512884,0.5353949146530244,Добре,lightgreen
4477,50.40731652,30.5127281,0.17664199041419143,Відмінно,green
4480,50.40732927,30.51257905,0.14820794946806554,Відмінно,green
4484,50.40734119,30.51244238,0.23158911558222162,Відмінно,green
4487,50.40735262,30.51230553,0.3417146022046891,Відмінно,green
4490,50.40736452,30.51215687,0.7102950351952804,Добре,lightgreen
4494,50.40737664,30.51199915,0.4027505133311647,Відмінно,green
4497,50.40738726,30.51183621,0.19501710792200677,Відмінно,green
4501,50.40739736,30.51165903,0.17009472943851353,Відмінно,green
4504,50.40740891,30.51146932,0.18636515421621597,Відмінно,green
4508,50.40742236,30.51126597,0.2222410985669445,Відмінно,green
4511,50.40743743,30.511051,0.280716505668858,Відмінно,green
4515,50.40745353,30.51082899,0.19100549690315322,Відмінно,green
4518,50.40747045,30.51059171,0.13748029444420834,Відмінно,green
4522,50.40748865,30.51033988,0.3115137655193678,Відмінно,green
4525,50.40750763,30.51008299,0.33150330421552315,Відмінно,green
4529,50.40752688,30.50981798,0.20905523201186174,Відмінно,green
4532,50.40754685,30.50954414,0.30947047030858843,Відмінно,green
4536,50.40756735,30.50926717,0.10901750415478231,Відмінно,green
4539,50.40758499,30.50900282,0.2785577676829256,Відмінно,green
4543,50.40759936,30.50873928,0.177917150362083,Відмінно,green
4546,50.40761124,30.50847846,0.2906935390056626,Відмінно,green
4550,50.40761987,30.50822551,0.20257411632434388,Відмінно,green
4553,50.40762796,30.50798087,1.04329545545792,Задовільно,orange
4557,50.40763537,30.50773679,0.33507572770225397,Відмінно,green
4560,50.40764278,30.50749378,0.1546523031325628,Відмінно,green
4564,50.40765073,30.50724897,0.20037737403781947,Відмінно,green
4567,50.4076585,30.50700481,0.15624944973338636,Відмінно,green
4571,50.40766614,30.50676373,0.18803032429172084,Відмінно,green
4574,50.40767498,30.50651705,0.6049886143329394,Добре,lightgreen
4578,50.40768381,30.50626628,0.1255786285643459,Відмінно,green
4581,50.40769306,30.50602274,0.18996499203583747,Відмінно,green
4585,50.40770196,30.50577678,0.17916872791563396,Відмінно,green
4588,50.40770968,30.50552555,0.1811052041392417,Відмінно,green
4592,50.40771783,30.50526745,0.33107383296765885,Відмінно,green
4595,50.40772659,30.50501494,0.2939681356546664,Відмінно,green
4599,50.40773608,30.50475616,0.22364062481386837,Відмінно,green
4602,50.40774515,30.50449577,0.6267699383110286,Добре,lightgreen
4606,50.40775295,30.50424113,0.30545414284517175,Відмінно,green
4609,50.40776052,30.50400437,0.24860541033116929,Відмінно,green
4613,50.40776762,30.50378112,0.19449223760807713,Відмінно,green
4616,50.4077751,30.50358052,0.16251434086095923,Відмінно,green
4620,50.40778175,30.50340096,0.27327012545866847,Відмінно,green
4623,50.40778747,30.50324161,0.22477874635708547,Відмінно,green
4627,50.407793,30.50309614,0.24751711460610923,Відмінно,green
4630,50.40779732,30.50295755,0.18887153548354838,Відмінно,green
4634,50.40780211,30.50282761,0.2210861844436467,Відмінно,green
4637,50.407806,30.50271023,0.27702733138211627,Відмінно,green
4641,50.4078099,30.50259696,0.26168841287416367,Відмінно,green
4644,50.40781387,30.50248766,0.22718859782658374,Відмінно,green
4648,50.40781696,30.50238175,0.2026927824276668,Відмінно,green
4651,50.40781948,30.50228316,0.31831875071420834,Відмінно,green
4655,50.40782256,30.50218759,0.1852382935145349,Відмінно,green
4658,50.4078249,30.50210034,0.12453449974367822,Відмінно,green
4662,50.40782659,30.50202459,0.12556405901120635,Відмінно,green
4665,50.4078279,30.50196359,0.12454343112085277,Відмінно,green
4669,50.40782885,30.50191828,0.12331492338491143,Відмінно,green
4672,50.40782952,30.50188752,0.08227428019691282,Відмінно,green
4676,50.40783013,30.50186699,0.08276984350153024,Відмінно,green
4679,50.40782991,30.50185735,0.025754088019541668,Відмінно,green
4683,50.40782989,30.50185531,0.1599816456543722,Відмінно,green
4686,50.40782989,30.50185542,0.04123701664526806,Відмінно,green
4690,50.40782967,30.50185034,0.07673578230198043,Відмінно,green
4693,50.40782995,30.50183779,0.14026641995969963,Відмінно,green
4697,50.40783006,30.50182968,0.03870415895289381,Відмінно,green
4700,50.40783013,30.50182405,0.01982430426074578,Відмінно,green
4704,50.40782976,30.50182138,0.03387775036370953,Відмінно,green
4707,50.40782982,30.50182175,0.059760544494543454,Відмінно,green
4711,50.40782982,30.50182175,0.021002783045646116,Відмінно,green
4714,50.40782982,30.50182175,0.0230914598351333,Відмінно,green
4718,50.40782963,30.50181877,0.03743380183737594,Відмінно,green
4721,50.40782988,30.50180226,0.07039425049728629,Відмінно,green
4725,50.40783003,30.50177616,0.14452906458428033,Відмінно,green
4728,50.40783075,30.50173383,0.17980821099236763,Відмінно,green
4732,50.40783179,30.50167326,0.14321807722531965,Відмінно,green
4735,50.40783197,30.50159267,0.18904472643035547,Відмінно,green
4739,50.40783264,30.50149376,0.19956207581093066,Відмінно,green
4742,50.40783377,30.50137569,0.14340271572530977,Відмінно,green
4746,50.40783439,30.50124339,0.15470029647042058,Відмінно,green
4749,50.40783422,30.50109823,0.26697043855388974,Відмінно,green
4753,50.40783384,30.50093769,0.2062910274190615,Відмінно,green
4756,50.40783351,30.5007643,0.21879047711623675,Відмінно,green
4760,50.40783231,30.50058111,0.2561605566992928,Відмінно,green
4763,50.40783063,30.50038667,0.17114938020088447,Відмінно,green
4767,50.40782741,30.50018557,0.16286973137834165,Відмінно,green
4770,50.40782291,30.49997539,0.1591686247543474,Відмінно,green
4774,50.40782046,30.49976132,0.16794785158974967,Відмінно,green
4777,50.40782137,30.49954815,0.13581799952943374,Відмінно,green
4781,50.40782432,30.49933861,0.2530261328034899,Відмінно,green
4784,50.40782812,30.49912337,0.17641625890420537,Відмінно,green
4787,50.40782957,30.49891541,0.2761972397573205,Відмінно,green
4791,50.40782826,30.49871557,0.3433524452570497,Відмінно,green
4794,50.40782506,30.49851635,0.21430247096585214,Відмінно,green
4798,50.40782096,30.4983128,0.5879376469659277,Добре,lightgreen
4801,50.40781641,30.49811267,0.33611749764680904,Відмінно,green
4805,50.40781183,30.49791662,0.32863527524466307,Відмінно,green
4808,50.40780713,30.49771778,0.5644338404447696,Добре,lightgreen
4812,50.40780286,30.49751746,0.48011693621884943,Відмінно,green
4815,50.40779866,30.49731867,0.2863148359964728,Відмінно,green
4819,50.40779527,30.49711823,0.2864327465718279,Відмінно,green
4822,50.40779312,30.49691834,0.21516572985130145,Відмінно,green
4826,50.40779279,30.49671305,0.37679799846476286,Відмінно,green
4829,50.40779472,30.49650209,0.35126962263192374,Відмінно,green
4833,50.40779746,30.49629326,0.8446259215023099,Добре,lightgreen
4836,50.40780137,30.49608386,0.5339687099581347,Добре,lightgreen
4840,50.40780472,30.49586939,0.33518515271888666,Відмінно,green
4843,50.4078086,30.49566252,0.25157376180891367,Відмінно,green
4847,50.40781362,30.49546618,0.5216909208487757,Добре,lightgreen
4850,50.40781993,30.49528514,0.33896650613822243,Відмінно,green
4854,50.40782685,30.49512241,0.17544487794551575,Відмінно,green
4857,50.40783396,30.49498474,0.21390449394780875,Відмінно,green
4861,50.40784143,30.49486741,0.1335940133815328,Відмінно,green
4864,50.40784922,30.49475821,0.17742158021550755,Відмінно,green
4868,50.4078573,30.49465963,0.13953859545650651,Відмінно,green
4871,50.40786473,30.49457929,0.13267070774477535,Відмінно,green
4875,50.40787157,30.49451122,0.09768057794877254,Відмінно,green
4878,50.40787752,30.49445318,0.20160409322948974,Відмінно,green
4882,50.40788337,30.49440173,0.07998801136801667,Відмінно,green
4885,50.4078892,30.49435561,0.0902911697181588,Відмінно,green
4889,50.40789419,30.49431659,0.1575926305601062,Відмінно,green
4892,50.40789905,30.49427985,0.05806309834204696,Відмінно,green
4896,50.40790383,30.49424441,0.11370099400239728,Відмінно,green
4899,50.40790828,30.49420999,0.11468154044860089,Відмінно,green
4903,50.40791318,30.49417644,0.07353227209570959,Відмінно,green
4906,50.40791774,30.49414425,0.08011285852684115,Відмінно,green
4910,50.40792227,30.49411313,0.10544382129419742,Відмінно,green
4913,50.40792728,30.49408272,0.08326500544448369,Відмінно,green
4917,50.40793236,30.49405317,0.0771459214723065,Відмінно,green
4920,50.40793642,30.4940278,0.05904844775875585,Відмінно,green
4924,50.40793956,30.49400888,0.05675768010341019,Відмінно,green
4927,50.40794161,30.49399656,0.05514914374687098,Відмінно,green
4931,50.4079434,30.4939903,0.09865679989753641,Відмінно,green
4934,50.40794327,30.49399102,0.09574594823128123,Відмінно,green
4938,50.40794327,30.49399102,0.02256514568666593,Відмінно,green
4941,50.40794327,30.49399102,0.01910272504006099,Відмінно,green
4945,50.40794327,30.49399102,0.01324207309153886,Відмінно,green
4948,50.40794327,30.49399102,0.014046047247153392,Відмінно,green
4952,50.40794327,30.49399102,0.013166676254051804,Відмінно,green
4955,50.40794327,30.49399102,0.01821088609846676,Відмінно,green
4959,50.40794327,30.49399102,0.03709215929458735,Відмінно,green
4962,50.40794327,30.49399102,0.014442862786130798,Відмінно,green
4966,50.40794327,30.49399102,0.019825255302718902,Відмінно,green
4969,50.40794327,30.49399102,0.013115028967252827,Відмінно,green
4973,50.40794327,30.49399102,0.01494328568191754,Відмінно,green
4976,50.40794327,30.49399102,0.013012487547052275,Відмінно,green
4980,50.40794327,30.49399102,0.013766586501080317,Відмінно,green
4983,50.40794327,30.49399102,0.01640699111578174,Відмінно,green
4987,50.40794327,30.49399102,0.01241321304531378,Відмінно,green
4990,50.40794327,30.49399102,0.01677417871637514,Відмінно,green
4994,50.40794327,30.49399102,0.02117416278061645,Відмінно,green
4997,50.40794327,30.49399102,0.020644782870797154,Відмінно,green
5001,50.40794327,30.49399102,0.013247122280275136,Відмінно,green
5004,50.40794327,30.49399102,0.013392465086508591,Відмінно,green
5008,50.40794327,30.49399102,0.01269150630704744,Відмінно,green
5011,50.40794327,30.49399102,0.01589315696398452,Відмінно,green
5015,50.40794327,30.49399102,0.012440989465740498,Відмінно,green
5018,50.40794327,30.49399102,0.013264559085773554,Відмінно,green
5022,50.40794327,30.49399102,0.013286680503755872,Відмінно,green
5025,50.40794327,30.49399102,0.013572419428655728,Відмінно,green
5029,50.40794327,30.49399102,0.031246427735929963,Відмінно,green
5032,50.40794327,30.49399102,0.016519531617567532,Відмінно,green
5036,50.40794327,30.49399102,0.011581824327984177,Відмінно,green
5039,50.40794327,30.49399102,0.014570775743186704,Відмінно,green
5043,50.40794327,30.49399102,0.026976343945874368,Відмінно,green
5046,50.40794426,30.49397713,0.04380556241198042,Відмінно,green
5050,50.40794884,30.49395396,0.07873331959280501,Відмінно,green
5053,50.40795569,30.4939179,0.11765578629565672,Відмінно,green
5056,50.40796486,30.493871,0.16525314598657018,Відмінно,green
5060,50.40797562,30.49381759,0.11387438716017867,Відмінно,green
5064,50.40798896,30.49375649,0.16577487448102687,Відмінно,green
5067,50.40800398,30.4936906,0.14962302657771573,Відмінно,green
5070,50.40801976,30.49362073,0.1865077621405396,Відмінно,green
5074,50.40803706,30.493548,0.2725367128290748,Відмінно,green
5077,50.40805522,30.49347198,0.1166261023627464,Відмінно,green
5081,50.40807339,30.49339847,0.3165535896833302,Відмінно,green
5084,50.40809013,30.49333021,0.34295139305004485,Відмінно,green
5088,50.40810591,30.49326705,0.3432555291472541,Відмінно,green
5091,50.40812327,30.49319959,0.22997793351427437,Відмінно,green
5095,50.40814322,30.4931238,0.808173751362948,Добре,lightgreen
5098,50.40816573,30.49304008,0.2006133376443068,Відмінно,green
5102,50.40819126,30.49294655,0.4309044309682561,Відмінно,green
5105,50.40822106,30.49284497,0.607643004913449,Добре,lightgreen
5109,50.40825321,30.49274045,0.2852381534910769,Відмінно,green
5112,50.40828822,30.49263465,0.8920771629987538,Добре,lightgreen
5116,50.40832723,30.49252606,0.5783594929072285,Добре,lightgreen
5119,50.40837145,30.49241058,0.7140651062016261,Добре,lightgreen
5123,50.40841705,30.49229377,0.617842990069386,Добре,lightgreen
5126,50.40846636,30.49217516,0.6362892500062348,Добре,lightgreen
5130,50.40851976,30.49205398,0.4714471721914252,Відмінно,green
5133,50.40857542,30.49193544,0.33172129242523574,Відмінно,green
5137,50.40863046,30.4918253,0.5038783740086518,Добре,lightgreen
5140,50.40868373,30.49172576,0.5664442278177856,Добре,lightgreen
5144,50.40873351,30.49164409,0.5523951638615464,Добре,lightgreen
5147,50.40878688,30.49158582,0.42368632636572745,Відмінно,green
5151,50.4088421,30.49155398,0.22413174925460533,Відмінно,green
5154,50.40889509,30.49154507,0.8350074580872834,Добре,lightgreen
5158,50.40894864,30.49155486,0.7040302027403751,Добре,lightgreen
5161,50.40900093,30.49158606,0.6293382766075525,Добре,lightgreen
5165,50.40904771,30.49163956,0.6203795080735884,Добре,lightgreen
5168,50.40908407,30.49171321,1.0612946334423252,Задовільно,orange
5172,50.40911407,30.4917924,0.38998893217528413,Відмінно,green
5175,50.40914106,30.49187815,0.611129819677756,Добре,lightgreen
5179,50.4091629,30.49196118,0.36363466502429254,Відмінно,green
5182,50.40917592,30.49204274,0.9968505225609593,Добре,lightgreen
5186,50.40917624,30.49211826,0.6394834784574781,Добре,lightgreen
5189,50.40915965,30.49218258,0.44815678836469114,Відмінно,green
5193,50.40913392,30.49222826,0.27049468927824477,Відмінно,green
5196,50.40910446,30.49225593,0.4424168194142855,Відмінно,green
5200,50.40908073,30.49226787,0.25156586073898146,Відмінно,green
5203,50.4090652,30.4922712,0.2105753319986359,Відмінно,green
5207,50.40905821,30.49227176,0.24931825661378113,Відмінно,green
5210,50.40905715,30.4922719,0.12937355285335245,Відмінно,green
5214,50.40905718,30.49227191,0.03703732584346523,Відмінно,green
5217,50.40905167,30.49227172,0.058760521799683385,Відмінно,green
5221,50.40904018,30.49226816,0.21004944747784013,Відмінно,green
5224,50.40902293,30.49225872,0.5285328694295085,Добре,lightgreen
5228,50.40899612,30.49223467,0.44649298879071025,Відмінно,green
5231,50.40896041,30.49220015,0.521026222839645,Добре,lightgreen
5235,50.40891634,30.49215616,0.4099531821910351,Відмінно,green
5238,50.40886775,30.49210804,0.5336489264468162,Добре,lightgreen
5242,50.40881788,30.49206061,0.3508026715997779,Відмінно,green
5245,50.40876747,30.49201591,0.12853042681734114,Відмінно,green
5249,50.40872024,30.49197448,0.23486792230005551,Відмінно,green
5252,50.40867165,30.49193619,0.32130643127933367,Відмінно,green
5256,50.40862262,30.49190243,1.1924547253383684,Задовільно,orange
5259,50.4085688,30.4918673,0.7460676561148769,Добре,lightgreen
5263,50.40851132,30.49182951,0.5654301272381982,Добре,lightgreen
5266,50.40844952,30.49178953,0.6705265178672098,Добре,lightgreen
5270,50.40838478,30.49174789,0.6927282843391492,Добре,lightgreen
5273,50.40831505,30.49170216,0.627827067910373,Добре,lightgreen
5277,50.40824539,30.4916562,0.8047500961328878,Добре,lightgreen
5280,50.40817489,30.49160833,0.8580401473052945,Добре,lightgreen
5284,50.40810158,30.49155703,0.9206573784997288,Добре,lightgreen
5287,50.40802429,30.49150327,0.3255889542665482,Відмінно,green
5291,50.40794858,30.49144959,0.453590628432145,Відмінно,green
5294,50.40787445,30.49139733,0.44358095075594284,Відмінно,green
5298,50.40780482,30.49134856,0.4454735283726044,Відмінно,green
5301,50.40773901,30.49130261,0.5761908329273081,Добре,lightgreen
5305,50.40767569,30.49125828,0.3912061290581119,Відмінно,green
5308,50.40761488,30.49121608,0.8509306892841548,Добре,lightgreen
5312,50.40755615,30.49117524,0.28801383635670424,Відмінно,green
5315,50.40749652,30.49113293,0.7067124939244406,Добре,lightgreen
5319,50.40743756,30.49109208,0.22891862267521185,Відмінно,green
5322,50.40737841,30.49105121,0.7221053286417801,Добре,lightgreen
5326,50.40731587,30.49100943,0.5437657069232955,Добре,lightgreen
5329,50.40724891,30.49096514,0.3150621716923658,Відмінно,green
5333,50.40717867,30.49092153,0.21669687623552977,Відмінно,green
5336,50.40710579,30.49087751,0.2647917358329805,Відмінно,green
5340,50.40702646,30.49083337,0.5288782469813309,Добре,lightgreen
5343,50.40694307,30.49079017,0.5038171517387343,Добре,lightgreen
5347,50.40685501,30.49075022,0.6247906289541724,Добре,lightgreen
5350,50.40676218,30.49071231,0.520372902840879,Добре,lightgreen
5354,50.40666633,30.49067799,0.5503314824647335,Добре,lightgreen
5357,50.4065655,30.49064765,0.5495510552695968,Добре,lightgreen
5360,50.40646022,30.49062322,0.5278586908275352,Добре,lightgreen
5364,50.40635268,30.49060535,0.5694943275790636,Добре,lightgreen
5367,50.40624594,30.49059153,1.0205188720249248,Задовільно,orange
5371,50.40613469,30.49057854,0.7602862657010245,Добре,lightgreen
5374,50.40602427,30.49056642,0.8239063162958051,Добре,lightgreen
5378,50.4059164,30.49055345,0.7641983845903525,Добре,lightgreen
5381,50.40580887,30.49053985,0.8589922866555935,Добре,lightgreen
5385,50.40570034,30.49052603,0.5434927635137996,Добре,lightgreen
5388,50.40559354,30.49051189,0.5805613882516865,Добре,lightgreen
5392,50.40548962,30.49049588,0.5711393561778823,Добре,lightgreen
5395,50.40538375,30.49047779,0.37268319944015416,Відмінно,green
5399,50.40527674,30.49045712,0.2652050487414192,Відмінно,green
5402,50.40516947,30.49043434,0.22402336667236636,Відмінно,green
5406,50.4050608,30.49040948,0.28757410353695734,Відмінно,green
5409,50.40495192,30.49038428,0.5943361525371105,Добре,lightgreen
5413,50.4048406,30.49035471,0.5693516650787749,Добре,lightgreen
5416,50.4047261,30.49032197,0.6368211885307097,Добре,lightgreen
5420,50.40461436,30.49028699,0.5962372820111105,Добре,lightgreen
5423,50.40450176,30.49025011,0.631455392229239,Добре,lightgreen
5427,50.40438674,30.49020908,0.5505160275887062,Добре,lightgreen
5430,50.40427278,30.49016563,0.2667057709431646,Відмінно,green
5434,50.40416046,30.49012076,0.503205683338542,Добре,lightgreen
5437,50.40404443,30.49007524,0.20452956170319708,Відмінно,green
5441,50.40392753,30.4900282,0.3046153953647723,Відмінно,green
5444,50.40381067,30.48998163,0.21330314354101665,Відмінно,green
5448,50.40369431,30.48993339,0.1552916800112216,Відмінно,green
5451,50.40357459,30.48988502,0.21373286116802098,Відмінно,green
5455,50.40345309,30.48983464,0.19224782576868626,Відмінно,green
5458,50.40332991,30.48978334,0.5018418363148959,Добре,lightgreen
5462,50.40320666,30.48973111,0.18371468574808336,Відмінно,green
5465,50.40308316,30.48967806,0.20347446410223904,Відмінно,green
5469,50.40295667,30.48962474,0.7249461056597247,Добре,lightgreen
5472,50.40282688,30.48956868,0.46033949383879924,Відмінно,green
5476,50.4027007,30.48951187,0.44597710498852616,Відмінно,green
5479,50.40257265,30.48945171,0.7152963240560086,Добре,lightgreen
5483,50.40244277,30.48938621,0.32334518079828556,Відмінно,green
5486,50.40231494,30.48931598,0.20566638048257826,Відмінно,green
5490,50.40219068,30.48924199,0.5106054288245342,Добре,lightgreen
5493,50.40206589,30.48916405,0.14174824062414354,Відмінно,green
5497,50.40194188,30.48908286,0.33683008740507775,Відмінно,green
5500,50.4018209,30.48899487,0.17646519370590305,Відмінно,green
5504,50.40170288,30.48890493,0.1665671778311708,Відмінно,green
5507,50.40158773,30.48881298,0.452216144839157,Відмінно,green
5511,50.40147493,30.48871997,0.21697367368266215,Відмінно,green
5514,50.40136545,30.48862632,0.1488527036138366,Відмінно,green
5518,50.40126476,30.48853685,0.2557738702426956,Відмінно,green
5521,50.40117003,30.48845018,0.13034509549730725,Відмінно,green
5525,50.40107887,30.48836438,0.2035663036205756,Відмінно,green
5528,50.40099129,30.48827782,0.14530025459524715,Відмінно,green
5532,50.40091553,30.48819623,0.19655934871491584,Відмінно,green
5535,50.40084653,30.48811859,0.09560657354381473,Відмінно,green
5539,50.4007856,30.48804679,0.29126646270177164,Відмінно,green
5542,50.40073602,30.48798144,0.16690703981983443,Відмінно,green
5546,50.40069131,30.48792381,0.13421859525731025,Відмінно,green
5549,50.40065126,30.48787264,0.17903025940226064,Відмінно,green
5553,50.40061804,30.48782781,0.22475829333840516,Відмінно,green
5556,50.4005882,30.48778987,0.25744947694282966,Відмінно,green
5560,50.40056405,30.48775814,0.18286956584711583,Відмінно,green
5563,50.40054385,30.48773114,0.07587681024465565,Відмінно,green
5567,50.40052654,30.48770853,0.12685968019737284,Відмінно,green
5570,50.40051218,30.48768808,0.09442620301302089,Відмінно,green
5574,50.40050148,30.48767173,0.1671040321504677,Відмінно,green
5577,50.40048989,30.48765577,0.1164820212614233,Відмінно,green
5581,50.40047865,30.48764051,0.08097451741935137,Відмінно,green
5584,50.40047041,30.48762844,0.1622255883492965,Відмінно,green
5588,50.40046881,30.48762566,0.45610399662483486,Відмінно,green
5591,50.4004674,30.48762368,0.03935623871863132,Відмінно,green
5595,50.40046739,30.48762371,0.012572063046823782,Відмінно,green
5598,50.40046739,30.48762371,0.014204254995004986,Відмінно,green
5602,50.40046739,30.48762371,0.01483950342963442,Відмінно,green
5605,50.40046739,30.48762371,0.022954590801193296,Відмінно,green
5609,50.40046739,30.48762371,0.06963645549055972,Відмінно,green
5612,50.4004592,30.4876128,0.09384896411174427,Відмінно,green
5616,50.40044567,30.48759377,0.10311307380134112,Відмінно,green
5619,50.40042576,30.48756585,0.11573488347498731,Відмінно,green
5623,50.40040085,30.48752909,0.11277539195815921,Відмінно,green
5626,50.40037095,30.4874865,0.15134977901589838,Відмінно,green
5630,50.4003355,30.4874342,0.14837245544804295,Відмінно,green
5633,50.40029282,30.48737,0.11388777159062903,Відмінно,green
5636,50.40024373,30.48729386,0.197615972934091,Відмінно,green
5640,50.40019129,30.48721289,0.15978704784621925,Відмінно,green
5643,50.40013819,30.48713096,0.18411402062365212,Відмінно,green
5647,50.40008312,30.48704656,0.22355829870734067,Відмінно,green
5650,50.40002812,30.48696139,0.29520079918005554,Відмінно,green
5654,50.39997336,30.48687602,0.2866753472478713,Відмінно,green
5657,50.39991885,30.48679039,0.8236626813529419,Добре,lightgreen
5661,50.39986208,30.48670074,0.400372165157475,Відмінно,green
5664,50.39980183,30.48660693,0.36260301439987574,Відмінно,green
5668,50.39973694,30.48650622,0.4360683221739332,Відмінно,green
5671,50.39966984,30.48640201,0.6854924163208352,Добре,lightgreen
5675,50.39959998,30.48629268,0.6586811787217324,Добре,lightgreen
5678,50.399528,30.48617504,0.7764890795725123,Добре,lightgreen
5682,50.39945431,30.4860515,0.6296211166499485,Добре,lightgreen
5685,50.39938084,30.48592557,0.2679966974290243,Відмінно,green
5689,50.39930501,30.48579326,0.702465757138718,Добре,lightgreen
5692,50.39922672,30.48565477,0.7306896357623154,Добре,lightgreen
5696,50.39914825,30.48550745,0.875764008328001,Добре,lightgreen
5699,50.39907174,30.48535757,0.591201457712361,Добре,lightgreen
5703,50.39899487,30.48520023,0.39293924031460115,Відмінно,green
5706,50.39891884,30.48503896,0.29495951590409075,Відмінно,green
5710,50.39884524,30.48487568,0.1658929871799337,Відмінно,green
5713,50.39877577,30.48471103,0.43027337749195915,Відмінно,green
5717,50.39871169,30.48455021,0.310071461646255,Відмінно,green
5720,50.3986515,30.4843871,0.2694488097883812,Відмінно,green
5724,50.39859719,30.48423101,0.3505227295190562,Відмінно,green
5727,50.39854832,30.48408261,0.39854319542604694,Відмінно,green
5731,50.3985017,30.48393828,0.5688102488923142,Добре,lightgreen
5734,50.39845335,30.48379411,0.26043094566184105,Відмінно,green
5738,50.39840585,30.48365232,0.23604741989135541,Відмінно,green
5741,50.39835947,30.48350816,0.2541124121035702,Відмінно,green
5745,50.3983161,30.48336247,0.2998564636059779,Відмінно,green
5748,50.39827469,30.48321434,0.17452667280646483,Відмінно,green
5752,50.39823189,30.48307016,0.529519885597226,Добре,lightgreen
5755,50.3981914,30.48292858,0.9476084509527287,Добре,lightgreen
5759,50.39815774,30.48278643,0.6428662682715109,Добре,lightgreen
5762,50.39812681,30.48263691,0.3934670726206158,Відмінно,green
5766,50.39809221,30.48248726,0.2701260578369263,Відмінно,green
5769,50.39805443,30.48233659,0.22580853884111726,Відмінно,green
5773,50.39801632,30.48218653,0.9416929058757009,Добре,lightgreen
5776,50.39797852,30.48203131,0.2336550199725454,Відмінно,green
5780,50.39794352,30.48187962,0.7659214415152302,Добре,lightgreen
5783,50.39790987,30.48173076,0.5016112474723199,Добре,lightgreen
5787,50.39787704,30.48158372,0.22736342569838744,Відмінно,green
5790,50.39784395,30.48143061,0.5140729832781546,Добре,lightgreen
5794,50.39781164,30.48127856,0.2280778697823144,Відмінно,green
5797,50.39777891,30.4811257,0.13674498141128835,Відмінно,green
5801,50.39774633,30.48097167,0.10893935961748445,Відмінно,green
5804,50.39771337,30.48081535,0.2683828197018708,Відмінно,green
5808,50.39768041,30.48065793,0.22520744671122891,Відмінно,green
5811,50.39764934,30.48050904,0.37634266930072446,Відмінно,green
5815,50.39761734,30.48036448,0.2440310983981566,Відмінно,green
5818,50.39758791,30.48022476,0.19918289511026724,Відмінно,green
5822,50.39755838,30.48008703,0.5160265270592184,Добре,lightgreen
5825,50.39752835,30.47995144,0.6510875953989461,Добре,lightgreen
5829,50.39750058,30.47981073,0.6038506749274156,Добре,lightgreen
5832,50.39747931,30.47966522,0.5995772739900852,Добре,lightgreen
5836,50.3974649,30.47951669,0.4349900165149883,Відмінно,green
5839,50.39745539,30.47936939,0.258144952316777,Відмінно,green
5843,50.39744905,30.4792265,0.239264237157386,Відмінно,green
5846,50.39744122,30.47909538,0.5787640327099701,Добре,lightgreen
5850,50.39742792,30.47897594,0.6377904790283861,Добре,lightgreen
5853,50.39740016,30.47887818,0.9926198091770595,Добре,lightgreen
5857,50.3973553,30.47880405,0.4837581601052973,Відмінно,green
5860,50.39730322,30.47875965,0.6346598748303673,Добре,lightgreen
5864,50.39724487,30.47874523,0.42971246334582336,Відмінно,green
5867,50.39719006,30.47874911,0.6384879071241997,Добре,lightgreen
5871,50.39713613,30.47875683,0.6711489351392094,Добре,lightgreen
5874,50.39708053,30.47876737,0.3426918886561271,Відмінно,green
5878,50.39701954,30.47878296,0.7192913275162485,Добре,lightgreen
5881,50.39695536,30.47880327,0.33743901807879695,Відмінно,green
5885,50.39688881,30.47882671,0.4835851035699062,Відмінно,green
5888,50.39681911,30.47885547,0.2855920308064064,Відмінно,green
5892,50.39674867,30.47888406,0.9564889084466954,Добре,lightgreen
5895,50.39667928,30.47891183,0.5734112378159179,Добре,lightgreen
5899,50.39660785,30.47894036,0.23521216569538791,Відмінно,green
5902,50.39653442,30.47896693,0.3234008780080516,Відмінно,green
5905,50.39645966,30.47899627,0.8961605463809227,Добре,lightgreen
5909,50.39638679,30.47902591,0.6909621371105387,Добре,lightgreen
5912,50.39631313,30.47905528,0.9066396133081204,Добре,lightgreen
5916,50.39623851,30.47908608,0.8259882497696318,Добре,lightgreen
5919,50.39616508,30.47911789,0.8958041659465518,Добре,lightgreen
5923,50.3960913,30.47914251,0.5826453455041786,Добре,lightgreen
5926,50.3960173,30.47916821,0.83645074392474,Добре,lightgreen
5930,50.39594423,30.47919079,0.957323987815574,Добре,lightgreen
5933,50.39587027,30.47920734,0.29445860748128616,Відмінно,green
5937,50.39580002,30.47922139,0.6883242810740225,Добре,lightgreen
5940,50.39572897,30.47923221,0.627448948397987,Добре,lightgreen
5944,50.39566233,30.47924025,0.3864628038914218,Відмінно,green
5947,50.39559909,30.4792433,0.7213642538012789,Добре,lightgreen
5951,50.39553769,30.47923994,0.46790620917774606,Відмінно,green
5954,50.39547213,30.47923581,0.4675504022085842,Відмінно,green
5958,50.39540552,30.47923089,0.4706645905136118,Відмінно,green
5961,50.39534129,30.47922624,0.8374013257177784,Добре,lightgreen
5965,50.39529121,30.47922246,0.700834119795613,Добре,lightgreen
5968,50.39525148,30.47922015,0.7279835010845548,Добре,lightgreen
5972,50.39522085,30.47921539,0.8423375377068164,Добре,lightgreen
5975,50.39519859,30.47921207,0.9391368167482634,Добре,lightgreen
5979,50.39518165,30.47920977,0.3984773051201335,Відмінно,green
5982,50.39516298,30.47920807,0.5176823563835763,Добре,lightgreen
5986,50.3951411,30.47920491,0.6482952486654366,Добре,lightgreen
5989,50.39511371,30.4792026,0.6298921685320342,Добре,lightgreen
5993,50.39508346,30.4791996,0.3087720983080045,Відмінно,green
5996,50.39504734,30.47919596,0.37752970695525506,Відмінно,green
6000,50.39500994,30.47919268,0.6349960405228718,Добре,lightgreen
6003,50.39496412,30.47919006,0.4982460886474163,Відмінно,green
6007,50.39491854,30.47918641,0.8691676064789393,Добре,lightgreen
6010,50.39487532,30.47918164,0.6254246090706453,Добре,lightgreen
6014,50.39483815,30.4791779,0.6631841525983825,Добре,lightgreen
6017,50.39480583,30.47917686,0.37156476720686954,Відмінно,green
6021,50.39477565,30.47917482,0.4712420605164384,Відмінно,green
6024,50.39474598,30.47917332,0.5937245239019292,Добре,lightgreen
6028,50.39472141,30.479167,0.4980737163630662,Відмінно,green
6031,50.39468858,30.47916422,0.44950447100170193,Відмінно,green
6035,50.39465327,30.47916159,0.4292426562647851,Відмінно,green
6038,50.39461287,30.47915766,0.6257843984857072,Добре,lightgreen
6042,50.39456984,30.47915481,0.6433933098391207,Добре,lightgreen
6045,50.39451753,30.47915093,0.6309741017848575,Добре,lightgreen
6049,50.39446801,30.47914406,0.4821320544278247,Відмінно,green
6052,50.39441529,30.47913996,0.4533174785672677,Відмінно,green
6056,50.39435226,30.47913401,0.46040215938039425,Відмінно,green
6059,50.39431091,30.47912935,1.097564201219318,Задовільно,orange
6063,50.39424641,30.47912686,0.5820357534220181,Добре,lightgreen
6066,50.39418555,30.47912256,0.3803713053526709,Відмінно,green
6070,50.39414176,30.47912131,1.1689545656824218,Задовільно,orange
6073,50.39410382,30.47911861,0.9298965124111075,Добре,lightgreen
6077,50.39407677,30.47911704,0.6326316777050442,Добре,lightgreen
6080,50.39405026,30.47911514,0.3689542500497767,Відмінно,green
6084,50.39403153,30.47911336,0.1127569118303682,Відмінно,green
6087,50.39402659,30.47911426,0.2353179301296984,Відмінно,green
6091,50.39402476,30.47911416,0.044720166138528486,Відмінно,green
6094,50.39402472,30.47911412,0.01625184960210611,Відмінно,green
6098,50.39402472,30.47911412,0.012987474202683506,Відмінно,green
6101,50.39402472,30.47911412,0.019347860841706033,Відмінно,green
6105,50.39402472,30.47911412,0.01286442871823016,Відмінно,green
6108,50.39402472,30.47911412,0.019536664265159716,Відмінно,green
6112,50.39402472,30.47911412,0.017591697811554625,Відмінно,green
6115,50.39402472,30.47911412,0.01840837250242172,Відмінно,green
6119,50.39402472,30.47911412,0.3146501862614747,Відмінно,green
6122,50.39401873,30.47911479,0.1820489504176681,Відмінно,green
6126,50.39399731,30.47911333,0.29484330187310615,Відмінно,green
6129,50.39396522,30.47911132,0.32545210630755245,Відмінно,green
6133,50.39392878,30.47910815,0.5115411308194185,Добре,lightgreen
6136,50.39388986,30.4791056,0.3869361462530218,Відмінно,green
6140,50.39384885,30.47910238,0.7726602627906517,Добре,lightgreen
6143,50.39380523,30.47910006,0.49203016808448913,Відмінно,green
6147,50.39375948,30.47909604,0.7554612542854896,Добре,lightgreen
6150,50.39371297,30.47908928,0.6111857619143082,Добре,lightgreen
6154,50.39367111,30.47908562,0.516417878146971,Добре,lightgreen
6157,50.39363257,30.47908193,0.7434802373768654,Добре,lightgreen
6161,50.39359778,30.47907798,0.4206529350265543,Відмінно,green
6164,50.39356391,30.4790764,0.2865376173449505,Відмінно,green
6168,50.39353104,30.479074,0.08702860494134626,Відмінно,green
6171,50.39349977,30.47907145,0.15167256121440692,Відмінно,green
6175,50.39346905,30.47906942,0.4527055343646775,Відмінно,green
6178,50.39343706,30.4790664,0.40161793700708787,Відмінно,green
6182,50.39340526,30.47906363,0.31424798394612985,Відмінно,green
6185,50.39338012,30.47906047,0.18338045023652005,Відмінно,green
6189,50.39336381,30.4790589,0.08015962166238197,Відмінно,green
6192,50.39335173,30.47905859,0.28243707738876667,Відмінно,green
6195,50.39333858,30.47905766,0.14549306442437335,Відмінно,green
6199,50.39332422,30.47905563,0.6824009902062226,Добре,lightgreen
6203,50.39330046,30.47905444,0.32071446358489164,Відмінно,green
6206,50.3932695,30.47905276,0.14945206012157908,Відмінно,green
6209,50.39323481,30.47904886,0.17460828439243337,Відмінно,green
6213,50.39319824,30.47904685,0.636003085969414,Добре,lightgreen
6216,50.39315531,30.47904449,0.32091903115428494,Відмінно,green
6220,50.39311393,30.47904214,0.607927193032987,Добре,lightgreen
6223,50.39308068,30.47903813,0.27104267300226975,Відмінно,green
6227,50.39304531,30.47903095,0.7098730921492944,Добре,lightgreen
6230,50.39300614,30.4790167,0.7167881749397177,Добре,lightgreen
6234,50.39297479,30.47898698,0.49359125157606953,Відмінно,green
6237,50.39295136,30.47894035,0.5788458489568196,Добре,lightgreen
6241,50.39293299,30.4788742,0.3343589107477677,Відмінно,green
6244,50.39291739,30.47879267,0.2354826968957082,Відмінно,green
6248,50.39290532,30.47869158,0.5027169942995366,Добре,lightgreen
6251,50.39289474,30.47857806,0.847875393778298,Добре,lightgreen
6255,50.39288202,30.47845295,0.2413564195556041,Відмінно,green
6258,50.39286863,30.47832089,0.46887642782188704,Відмінно,green
6262,50.39285417,30.47817954,0.20403896200952704,Відмінно,green
6265,50.39283934,30.47803894,0.6435385390687701,Добре,lightgreen
6269,50.39282428,30.47790203,0.627806435866115,Добре,lightgreen
6272,50.39281038,30.47778964,0.33879965484711355,Відмінно,green
6276,50.39279833,30.47768988,0.7124715911272508,Добре,lightgreen
6279,50.39278471,30.4776089,0.6929442872648804,Добре,lightgreen
6283,50.39277612,30.47755189,0.7547248443962095,Добре,lightgreen
